Marca;Modelo;Datafinalizacao
BMW;SERIE 3 SEDAN;03/07/2024 14:01
VOLKSWAGEN;TAOS SUV;29/06/2024 16:15
VOLVO;XC40 BEV SUV;29/06/2024 13:54
JEEP;COMMANDER SUV;02/07/2024 17:08
JEEP;COMPASS SUV;28/06/2024 18:42
TOYOTA;COROLLA CROSS;28/06/2024 20:40
JEEP;COMMANDER SUV;03/07/2024 09:44
GWM;HAVAL H6 SUV;29/06/2024 16:15
VOLKSWAGEN;NIVUS SUV;28/06/2024 18:13
VOLVO;XC60 SUV;02/07/2024 16:53
VOLVO;XC40 BEV SUV;02/07/2024 18:06
VOLKSWAGEN;TAOS SUV;28/06/2024 13:09
JEEP;COMPASS SUV;28/06/2024 16:24
VOLKSWAGEN;T-CROSS SUV;27/06/2024 21:45
VOLVO;XC90 SUV;02/07/2024 16:50
TOYOTA;COROLLA CROSS;28/06/2024 17:41
VOLKSWAGEN;TAOS SUV;28/06/2024 20:01
JEEP;COMPASS SUV;29/06/2024 13:05
VOLKSWAGEN;TAOS SUV;29/06/2024 16:14
VOLVO;XC60 SUV;01/07/2024 10:01
VOLVO;XC90 SUV;26/06/2024 16:05
VOLVO;XC90 SUV;02/07/2024 16:50
VOLVO;XC60 SUV;28/06/2024 18:14
VOLVO;XC60 SUV;27/06/2024 19:54
VOLVO;XC40 BEV SUV;26/06/2024 20:22
JEEP;COMPASS SUV;28/06/2024 18:22
VOLVO;XC60 SUV;28/06/2024 12:02
VOLVO;XC60 SUV;27/06/2024 21:44
VOLVO;C40 COUPE;03/07/2024 15:26
MINI;COOPER 02 PORTAS HATCH;28/06/2024 15:29
BMW;X3 SUV;28/06/2024 20:02
BMW;X3 SUV;29/06/2024 16:15
VOLKSWAGEN;TIGUAN ALLSPACE SUV;28/06/2024 20:07
VOLVO;XC60 SUV;29/06/2024 10:56
VOLVO;XC90 SUV;26/06/2024 19:28
LEXUS;NX 350 H SUV;03/07/2024 09:44
BMW;X3 SUV;27/06/2024 21:44
VOLKSWAGEN;TAOS SUV;28/06/2024 13:09
BYD;SONG PLUS SUV;27/06/2024 19:20
VOLKSWAGEN;TIGUAN ALLSPACE SUV;29/06/2024 09:37
VOLKSWAGEN;TAOS SUV;29/06/2024 09:37
VOLVO;XC60 SUV;29/06/2024 16:15
VOLVO;XC60 SUV;26/06/2024 14:48
TOYOTA;COROLLA CROSS;28/06/2024 14:43
BMW;X4 SUV;28/06/2024 19:02
VOLVO;XC60 SUV;28/06/2024 15:51
VOLVO;XC60 SUV;25/06/2024 19:53
VOLVO;XC90 SUV;28/06/2024 14:22
BMW;X5 SUV;02/07/2024 09:11
TOYOTA;COROLLA CROSS;27/06/2024 17:33
TOYOTA;COROLLA CROSS;24/06/2024 15:19
CHEVROLET;TRACKER SUV;27/06/2024 20:14
CHEVROLET;TRACKER SUV;28/06/2024 20:41
CHEVROLET;TRACKER SUV;26/06/2024 19:25
TOYOTA;COROLLA CROSS;21/06/2024 12:54
TOYOTA;COROLLA CROSS;25/06/2024 20:25
TOYOTA;COROLLA SEDAN;26/06/2024 18:10
BMW;X5 SUV;28/06/2024 19:15
VOLVO;XC90 SUV;21/06/2024 17:49
VOLVO;XC60 SUV;25/06/2024 17:27
VOLVO;XC60 SUV;29/06/2024 13:13
VOLVO;XC60 SUV;27/06/2024 19:51
VOLKSWAGEN;TAOS SUV;27/06/2024 18:31
VOLKSWAGEN;TAOS SUV;25/06/2024 15:23
VOLKSWAGEN;TAOS SUV;25/06/2024 18:40
VOLVO;C40 COUPE;24/06/2024 18:48
BYD;SONG PLUS SUV;26/06/2024 20:22
BYD;DOLPHIN GS HATCH;01/07/2024 11:22
KIA;SPORTAGE SUV;27/06/2024 14:48
LEXUS;NX 350 H SUV;25/06/2024 07:03
BMW;X3 SUV;24/06/2024 17:02
GWM;HAVAL H6 GT;26/06/2024 20:22
RAM;RAMPAGE PICK-UP;14/06/2024 19:07
JEEP;RENEGADE SUV;28/06/2024 15:26
VOLVO;XC60 SUV;29/06/2024 10:03
JEEP;COMPASS SUV;25/06/2024 16:25
VOLKSWAGEN;TIGUAN ALLSPACE SUV;25/06/2024 08:02
VOLKSWAGEN;TAOS SUV;18/06/2024 16:28
VOLKSWAGEN;TAOS SUV;26/06/2024 14:01
VOLKSWAGEN;TAOS SUV;24/06/2024 18:55
BMW;X5 SUV;27/06/2024 20:45
BYD;SONG PLUS SUV;25/06/2024 07:23
JAGUAR;F-PACE SUV;02/07/2024 08:59
BMW;X3 SUV;26/06/2024 13:26
LAND ROVER;DISCOVERY SPORT SUV;24/06/2024 15:52
VOLVO;C40 COUPE;26/06/2024 16:30
BMW;SERIE 3 SEDAN;25/06/2024 08:03
LAND ROVER;DEFENDER 110 SUV;29/06/2024 13:13
BMW;X4 SUV;25/06/2024 19:53
MERCEDES-BENZ;GLE COUPE;02/07/2024 07:48
BMW;X5 SUV;25/06/2024 16:49
BMW;X1 SUV;24/06/2024 16:28
VOLVO;XC90 SUV;25/06/2024 12:21
VOLVO;XC90 SUV;25/06/2024 16:12
GWM;HAVAL H6 SUV;20/06/2024 19:46
MINI;COUNTRYMAN HATCH;24/06/2024 18:48
TOYOTA;COROLLA CROSS;24/06/2024 12:39
BMW;X1 SUV;19/06/2024 16:44
VOLVO;XC90 SUV;26/06/2024 15:16
VOLVO;XC90 SUV;21/06/2024 17:49
LAND ROVER;RANGE ROVER EVOQUE SUV;27/06/2024 21:44
TOYOTA;COROLLA SEDAN;18/06/2024 15:24
VOLVO;XC90 SUV (MÃO-DIREITA);18/06/2024 13:27
VOLVO;XC90 SUV (MÃO-DIREITA);20/06/2024 18:22
VOLVO;XC90 SUV (MÃO-DIREITA);20/06/2024 18:22
MINI;COUNTRYMAN HATCH;27/06/2024 20:29
LAND ROVER;RANGE ROVER EVOQUE SUV;25/06/2024 20:25
JEEP;COMPASS SUV;24/06/2024 08:47
JEEP;COMPASS SUV;20/06/2024 19:46
TOYOTA;COROLLA CROSS;26/06/2024 11:12
TOYOTA;COROLLA CROSS;24/06/2024 12:03
JEEP;COMPASS SUV;25/06/2024 13:34
BMW;SERIE 3 SEDAN;26/06/2024 17:07
JEEP;COMPASS SUV;20/06/2024 18:54
VOLKSWAGEN;TAOS SUV;19/06/2024 19:28
RAM;RAMPAGE PICK-UP;14/06/2024 12:27
GWM;HAVAL H6 SUV;25/06/2024 12:19
LAND ROVER;DEFENDER 110 SUV;26/06/2024 20:23
LAND ROVER;RANGE ROVER EVOQUE SUV;27/06/2024 20:38
VOLVO;XC60 SUV;27/06/2024 18:28
LAND ROVER;DISCOVERY SPORT SUV;24/06/2024 13:20
TOYOTA;COROLLA CROSS;24/06/2024 13:10
TOYOTA;COROLLA CROSS;21/06/2024 10:52
LAND ROVER;NEW DISCOVERY SUV;27/06/2024 11:23
VOLKSWAGEN;TAOS SUV;21/06/2024 10:04
VOLVO;C40 COUPE;19/06/2024 10:21
CHEVROLET;TRACKER SUV;21/06/2024 12:33
BMW;X3 SUV;24/06/2024 11:46
BMW;X1 SUV;19/06/2024 16:35
BMW;X3 SUV;14/06/2024 18:02
VOLVO;XC90 SUV (MÃO-DIREITA);21/06/2024 12:54
VOLVO;XC90 SUV (MÃO-DIREITA);18/06/2024 19:34
BMW;X5 SUV;12/06/2024 16:38
AUDI;A3 SEDAN;29/06/2024 13:00
GWM;HAVAL H6 GT;07/06/2024 16:20
AUDI;Q3 SPORTBACK;11/06/2024 15:14
JEEP;COMMANDER SUV;25/06/2024 19:11
LAND ROVER;RANGE ROVER SPORT SUV;29/06/2024 16:14
LAND ROVER;DEFENDER 110 SUV;25/06/2024 12:09
JAGUAR;F-PACE SUV;27/06/2024 17:21
LAND ROVER;RANGE ROVER EVOQUE SUV;27/06/2024 20:46
VOLVO;XC90 SUV;18/06/2024 17:40
VOLVO;XC60 SUV;20/06/2024 16:14
JEEP;COMMANDER SUV;12/06/2024 07:18
JEEP;COMMANDER SUV;17/06/2024 15:35
JEEP;COMMANDER SUV;24/06/2024 15:07
JEEP;COMMANDER SUV;21/06/2024 11:54
MERCEDES-BENZ;CLA COUPE;20/06/2024 19:45
TOYOTA;COROLLA CROSS;21/06/2024 12:33
BMW;X6 SUV;14/06/2024 19:47
VOLVO;XC40 BEV SUV;29/06/2024 16:15
LAND ROVER;DEFENDER 110 SUV;21/06/2024 11:00
VOLVO;XC60 SUV;27/06/2024 17:07
RAM;RAMPAGE PICK-UP;30/05/2024 15:55
JEEP;RENEGADE SUV;17/06/2024 14:44
TOYOTA;COROLLA CROSS;19/06/2024 11:54
BMW;SERIE 3 SEDAN;14/06/2024 12:15
TOYOTA;COROLLA CROSS;17/06/2024 18:57
AUDI;Q3 SUV;27/06/2024 20:38
TOYOTA;COROLLA CROSS;20/06/2024 11:12
VOLVO;C40 COUPE;05/06/2024 19:28
GWM;HAVAL H6 GT;17/06/2024 14:44
MINI;COOPER 02 PORTAS HATCH;25/06/2024 12:04
VOLVO;XC60 SUV;20/06/2024 19:44
BMW;X1 SUV;12/06/2024 16:38
BYD;SONG PLUS SUV;28/06/2024 11:13
AUDI;Q3 SPORTBACK;24/06/2024 18:56
TOYOTA;COROLLA CROSS;06/06/2024 20:07
TOYOTA;COROLLA CROSS;11/06/2024 15:13
TOYOTA;COROLLA CROSS;18/06/2024 19:24
LAND ROVER;RANGE ROVER VELAR SUV;18/06/2024 18:00
LAND ROVER;DISCOVERY SPORT SUV;18/06/2024 10:52
PORSCHE;MACAN;14/06/2024 08:32
BMW;X4 SUV;12/06/2024 14:12
GWM;HAVAL H6 GT;17/06/2024 13:44
PORSCHE;CAYENNE SUV;29/06/2024 14:33
VOLVO;XC90 SUV;14/06/2024 19:30
VOLVO;XC40 BEV SUV;07/06/2024 15:07
BMW;X3 SUV;25/06/2024 10:56
BMW;X1 SUV;05/06/2024 19:12
BMW;X3 SUV;14/06/2024 12:13
VOLKSWAGEN;TAOS SUV;10/06/2024 15:48
VOLVO;XC60 SUV;18/06/2024 15:52
VOLVO;XC90 SUV;17/06/2024 10:56
BMW;X3 SUV;07/06/2024 15:46
BMW;IX1 SUV;18/06/2024 16:24
MERCEDES-BENZ;GLA SUV;21/06/2024 10:05
BMW;X3 SUV;12/06/2024 08:56
TOYOTA;SW4 SUV;26/06/2024 20:22
TOYOTA;COROLLA CROSS;06/06/2024 15:40
TOYOTA;COROLLA CROSS;12/06/2024 08:07
BMW;X6 SUV;14/06/2024 12:15
LAND ROVER;DEFENDER 110 SUV;19/06/2024 17:34
LAND ROVER;NEW RANGE ROVER SPORT SUV;27/06/2024 21:44
VOLKSWAGEN;NIVUS SUV;05/06/2024 20:29
VOLKSWAGEN;TIGUAN ALLSPACE SUV;29/06/2024 09:37
VOLVO;XC90 SUV;17/06/2024 12:09
VOLVO;XC60 SUV;19/06/2024 10:16
BYD;SONG PLUS SUV;13/06/2024 16:33
BYD;SONG PLUS SUV;21/06/2024 10:14
VOLVO;XC60 SUV;17/06/2024 11:45
VOLVO;XC40 BEV SUV;07/06/2024 12:52
JEEP;RENEGADE SUV;10/06/2024 17:55
VOLKSWAGEN;T-CROSS SUV;20/06/2024 19:46
VOLKSWAGEN;TAOS SUV;05/06/2024 17:29
TOYOTA;COROLLA CROSS;05/06/2024 14:39
TOYOTA;RAV4 SUV;17/06/2024 13:09
BMW;X3 SUV;03/06/2024 12:12
TOYOTA;COROLLA CROSS;18/06/2024 12:47
BMW;X6 SUV;07/06/2024 11:27
VOLKSWAGEN;JETTA SEDAN;13/06/2024 18:03
TOYOTA;COROLLA CROSS;06/06/2024 13:00
JEEP;GRAND CHEROKEE SUV;29/06/2024 16:14
BMW;X1 SUV;29/05/2024 20:15
VOLVO;XC90 SUV;06/06/2024 19:29
AUDI;Q5 SUV;17/06/2024 15:35
VOLVO;XC40 BEV SUV;19/06/2024 18:49
BMW;X6 SUV;13/06/2024 10:21
VOLVO;XC60 SUV;15/06/2024 12:14
VOLVO;XC90 SUV;20/06/2024 11:46
VOLVO;XC90 SUV;13/06/2024 09:09
VOLVO;XC90 SUV;12/06/2024 08:06
VOLVO;XC60 SUV;20/06/2024 09:23
VOLVO;XC90 SUV;14/06/2024 18:58
VOLVO;C40 COUPE;04/06/2024 17:35
HONDA;Z-RV SUV;13/06/2024 09:05
AUDI;Q5 SUV;19/06/2024 19:11
TOYOTA;COROLLA CROSS;07/06/2024 18:34
TOYOTA;COROLLA CROSS;06/06/2024 17:01
TOYOTA;COROLLA CROSS;28/05/2024 18:22
TOYOTA;COROLLA CROSS;14/06/2024 08:31
TOYOTA;COROLLA CROSS;10/06/2024 15:47
TOYOTA;COROLLA CROSS;11/06/2024 15:00
TOYOTA;COROLLA CROSS;17/06/2024 09:11
VOLKSWAGEN;T-CROSS SUV;06/06/2024 11:29
BMW;I4 SEDAN;21/06/2024 06:57
LEXUS;NX 350 H SUV;24/06/2024 17:02
RAM;RAMPAGE PICK-UP;29/05/2024 14:30
VOLKSWAGEN;T-CROSS SUV;29/05/2024 19:55
JEEP;COMPASS SUV;29/05/2024 18:54
VOLVO;XC60 SUV;21/06/2024 17:19
LEXUS;RX 500H SUV;24/06/2024 11:36
VOLVO;XC90 SUV;29/05/2024 19:41
VOLVO;XC60 SUV;13/06/2024 10:19
BMW;SERIE 3 SEDAN;05/06/2024 12:43
CHEVROLET;TRAILBLAZER SUV;17/06/2024 18:19
VOLVO;XC60 SUV;17/06/2024 11:39
BYD;SONG PLUS SUV;11/06/2024 10:55
TOYOTA;COROLLA CROSS;06/06/2024 12:29
VOLVO;XC90 SUV;30/05/2024 16:39
TOYOTA;HILUX CABINE DUPLA PICK-UP;10/06/2024 11:25
TOYOTA;SW4 SUV;14/06/2024 08:45
MITSUBISHI;OUTLANDER SPORT;05/06/2024 18:38
VOLVO;XC60 SUV;14/06/2024 16:37
HONDA;NEW HR-V SUV;13/06/2024 10:20
TOYOTA;HILUX CABINE DUPLA PICK-UP;28/05/2024 20:58
VOLVO;XC40 BEV SUV;06/06/2024 11:03
VOLVO;XC40 SUV;12/06/2024 07:21
GWM;ORA 03 SKIN HATCH;11/06/2024 08:13
BMW;X6 SUV;27/05/2024 20:22
VOLVO;XC90 SUV;29/05/2024 15:42
VOLVO;C40 COUPE;29/05/2024 14:05
TOYOTA;COROLLA SEDAN;29/05/2024 17:42
VOLKSWAGEN;TAOS SUV;28/05/2024 14:56
GWM;HAVAL H6 SUV;28/05/2024 13:39
BMW;SERIE 3 SEDAN;03/06/2024 11:32
LAND ROVER;RANGE ROVER VOGUE SUV;20/06/2024 12:29
LAND ROVER;NEW DISCOVERY SUV;19/06/2024 09:41
LAND ROVER;RANGE ROVER EVOQUE SUV;20/06/2024 15:45
MERCEDES-BENZ;CLASSE C 300 SEDAN;13/06/2024 08:32
BMW;X5 SUV;30/05/2024 14:44
AUDI;Q3 SUV;24/06/2024 10:03
TOYOTA;COROLLA CROSS;30/05/2024 14:31
VOLVO;XC60 SUV;29/05/2024 18:10
JEEP;COMMANDER SUV;05/06/2024 12:06
MINI;COOPER 04 PORTAS HATCH;05/06/2024 09:54
MINI;COUNTRYMAN HATCH;17/06/2024 17:19
AUDI;Q8 SPB E-TRON SPORTBACK;17/06/2024 10:01
VOLVO;XC60 SUV;07/06/2024 20:13
GWM;HAVAL H6 SUV;04/06/2024 14:53
AUDI;Q5 SUV;29/05/2024 19:55
BMW;X4 SUV;18/06/2024 09:26
TOYOTA;SW4 SUV;14/06/2024 18:36
LEXUS;NX 350 H SUV;03/06/2024 17:32
LEXUS;UX 250H SUV;20/06/2024 15:31
BMW;SERIE 3 SEDAN;27/05/2024 12:16
GWM;HAVAL H6 GT;28/05/2024 16:12
VOLKSWAGEN;TIGUAN ALLSPACE SUV;12/06/2024 07:21
VOLVO;XC60 SUV;13/06/2024 16:24
GWM;HAVAL H6 SUV;28/05/2024 21:43
LAND ROVER;DISCOVERY SPORT SUV;06/06/2024 17:58
LAND ROVER;NEW DISCOVERY SUV;17/06/2024 10:25
TOYOTA;COROLLA CROSS;14/06/2024 08:46
BYD;SONG PLUS SUV;29/06/2024 09:28
BYD;SONG PLUS SUV;21/06/2024 10:53
BYD;SONG PLUS SUV;27/06/2024 22:05
BYD;SONG PLUS SUV;02/07/2024 17:08
VOLVO;XC60 SUV;29/05/2024 19:07
MINI;COOPER 04 PORTAS HATCH;05/06/2024 17:47
VOLVO;XC40 BEV SUV;29/05/2024 19:22
VOLVO;XC90 SUV (MÃO-DIREITA);14/06/2024 16:40
VOLVO;XC90 SUV (MÃO-DIREITA);05/06/2024 17:12
JEEP;RENEGADE SUV;28/05/2024 13:59
BYD;SONG PLUS SUV;28/05/2024 13:26
LEXUS;UX 250H SUV;11/06/2024 16:38
MINI;COUNTRYMAN HATCH;26/05/2024 12:30
BYD;DOLPHIN MINI HATCH;13/06/2024 10:21
JEEP;COMMANDER SUV;06/06/2024 17:04
VOLVO;XC40 BEV SUV;26/05/2024 15:17
GWM;HAVAL H6 SUV;27/05/2024 14:08
VOLVO;XC60 SUV;23/05/2024 18:00
AUDI;Q5 SPORTBACK;28/05/2024 18:32
TOYOTA;COROLLA CROSS;04/06/2024 12:11
JEEP;COMMANDER SUV;04/06/2024 16:39
VOLVO;XC60 SUV;28/05/2024 20:27
BMW;X3 SUV;29/05/2024 18:10
GWM;HAVAL H6 GT;22/05/2024 00:59
VOLVO;XC60 SUV;23/05/2024 18:00
LEXUS;ES 300H SEDAN;12/06/2024 07:20
VOLKSWAGEN;TAOS SUV;27/05/2024 12:20
LEXUS;RX 500H SUV;29/05/2024 17:38
BMW;SERIE 3 SEDAN;26/05/2024 14:30
RAM;RAMPAGE PICK-UP;25/05/2024 07:00
BYD;SONG PLUS SUV;26/05/2024 12:31
VOLVO;XC60 SUV;29/05/2024 12:38
FORD;MAVERICK  PICK-UP;17/06/2024 14:44
VOLKSWAGEN;TAOS SUV;27/05/2024 10:47
PORSCHE;MACAN;29/05/2024 14:30
VOLKSWAGEN;NIVUS SUV;29/05/2024 18:27
BYD;SONG PLUS SUV;13/06/2024 17:56
LAND ROVER;RANGE ROVER VELAR SUV;28/05/2024 20:12
VOLKSWAGEN;TIGUAN ALLSPACE SUV;13/06/2024 20:38
BYD;SONG PLUS SUV;24/05/2024 13:14
JEEP;RENEGADE SUV;10/06/2024 17:53
LAND ROVER;RANGE ROVER SPORT SUV;18/06/2024 09:29
BYD;DOLPHIN GS HATCH;24/05/2024 15:48
VOLKSWAGEN;T-CROSS SUV;29/05/2024 12:37
VOLKSWAGEN;TAOS SUV;28/05/2024 18:22
BYD;SONG PLUS SUV;11/06/2024 15:31
BYD;SONG PLUS SUV;07/06/2024 12:52
VOLKSWAGEN;T-CROSS SUV;29/05/2024 17:41
VOLKSWAGEN;T-CROSS SUV;26/05/2024 11:59
VOLKSWAGEN;T-CROSS SUV;28/05/2024 13:22
VOLKSWAGEN;TAOS SUV;30/05/2024 14:07
VOLKSWAGEN;TAOS SUV;26/05/2024 14:06
VOLKSWAGEN;NIVUS SUV;29/05/2024 12:38
VOLKSWAGEN;TIGUAN ALLSPACE SUV;30/05/2024 15:55
VOLKSWAGEN;NIVUS SUV;27/05/2024 10:46
LAND ROVER;NEW DISCOVERY SUV;04/06/2024 15:53
VOLVO;XC90 SUV;05/06/2024 11:32
BMW;X1 SUV;24/05/2024 12:04
VOLKSWAGEN;NIVUS SUV;26/05/2024 11:58
GWM;HAVAL H6 GT;26/05/2024 10:42
VOLVO;XC60 SUV;25/05/2024 06:53
VOLVO;XC60 SUV;27/05/2024 19:03
VOLVO;XC60 SUV;25/05/2024 15:41
VOLVO;XC90 SUV;29/05/2024 17:40
MINI;COOPER 02 PORTAS HATCH;26/05/2024 14:47
BMW;X1 SUV;27/05/2024 15:17
TOYOTA;COROLLA CROSS;29/05/2024 18:54
VOLKSWAGEN;TIGUAN ALLSPACE SUV;29/05/2024 17:41
JEEP;COMPASS SUV;24/05/2024 14:19
TOYOTA;COROLLA CROSS;26/05/2024 15:17
VOLVO;XC60 SUV;26/05/2024 15:55
VOLKSWAGEN;JETTA SEDAN;28/05/2024 00:03
TOYOTA;COROLLA CROSS;18/05/2024 00:04
VOLVO;XC60 SUV;27/05/2024 09:43
VOLVO;XC40 BEV SUV;25/05/2024 06:49
VOLKSWAGEN;T-CROSS SUV;24/05/2024 13:44
BMW;X3 SUV;17/05/2024 23:50
MINI;COOPER 04 PORTAS HATCH;21/05/2024 21:34
PORSCHE;MACAN;03/06/2024 11:00
VOLVO;XC40 BEV SUV;24/05/2024 10:15
VOLVO;XC60 SUV;23/05/2024 18:49
VOLVO;XC60 SUV;24/05/2024 16:06
VOLKSWAGEN;TAOS SUV;25/05/2024 15:41
PORSCHE;MACAN;05/06/2024 16:19
VOLVO;XC60 SUV;23/05/2024 18:06
BMW;X3 SUV;22/05/2024 20:29
BMW;SERIE 3 SEDAN;25/05/2024 06:20
BYD;SONG PLUS SUV;23/05/2024 14:54
BYD;SEAL SEDAN;23/05/2024 17:16
BYD;SONG PLUS SUV;05/06/2024 14:39
BYD;SONG PLUS SUV;21/06/2024 16:23
BMW;SERIE 3 SEDAN;26/05/2024 10:42
TOYOTA;SW4 SUV;27/05/2024 13:25
BYD;SONG PLUS SUV;29/05/2024 19:42
TOYOTA;COROLLA CROSS;25/05/2024 06:20
CHEVROLET;TRAILBLAZER SUV;21/05/2024 08:29
VOLVO;XC60 SUV;18/05/2024 20:35
CHERY;TIGGO 8 PRO PHEV SUV;12/06/2024 07:20
TOYOTA;RAV4 SUV;27/05/2024 14:08
VOLKSWAGEN;TIGUAN ALLSPACE SUV;27/05/2024 15:17
VOLKSWAGEN;T-CROSS SUV;22/05/2024 08:59
GWM;HAVAL H6 SUV;25/05/2024 13:56
BMW;X1 SUV;20/05/2024 19:02
CHEVROLET;TRAILBLAZER SUV;13/06/2024 19:01
CHEVROLET;TRAILBLAZER SUV;24/05/2024 21:42
BYD;SONG PLUS SUV;29/05/2024 17:03
AUDI;Q5 SPORTBACK;14/05/2024 15:45
VOLKSWAGEN;JETTA SEDAN;22/05/2024 21:33
VOLVO;XC90 SUV;13/06/2024 09:03
VOLVO;XC40 BEV SUV;17/05/2024 21:11
BMW;X1 SUV;15/05/2024 21:46
VOLVO;XC60 SUV;22/05/2024 01:00
JEEP;COMPASS SUV;24/05/2024 11:23
VOLVO;XC40 BEV SUV;17/05/2024 06:24
HONDA;NEW HR-V SUV;03/06/2024 18:57
VOLVO;XC90 SUV;18/05/2024 20:36
TOYOTA;COROLLA SEDAN;22/05/2024 21:32
BYD;SONG PLUS SUV;25/05/2024 06:09
BMW;X3 SUV;22/05/2024 21:32
BMW;X3 SUV;25/05/2024 16:09
LEXUS;UX 250H SUV;29/05/2024 16:48
BMW;I5 SEDAN;02/07/2024 08:27
CHEVROLET;TRACKER SUV;29/05/2024 17:39
MERCEDES-BENZ;GLA SUV;22/05/2024 07:56
LAND ROVER;DEFENDER 110 SUV;06/06/2024 17:58
LAND ROVER;DEFENDER 110 SUV;27/05/2024 16:03
MERCEDES-BENZ;GLC SUV;28/05/2024 16:57
BMW;SERIE 3 SEDAN;28/05/2024 17:46
LAND ROVER;DEFENDER 110 SUV;30/05/2024 16:13
VOLVO;XC60 SUV;22/05/2024 01:00
FORD;BRONCO SUV;29/05/2024 11:32
BMW;SERIE 3 SEDAN;14/06/2024 10:50
VOLVO;XC90 SUV;23/05/2024 18:48
VOLVO;XC90 SUV;22/05/2024 00:59
LEXUS;UX 250H SUV;17/05/2024 06:16
TOYOTA;COROLLA CROSS;23/05/2024 15:33
TOYOTA;COROLLA CROSS;20/05/2024 18:36
TOYOTA;COROLLA CROSS;14/05/2024 23:21
TOYOTA;COROLLA CROSS;13/05/2024 19:47
TOYOTA;COROLLA CROSS;21/05/2024 00:13
TOYOTA;COROLLA CROSS;17/05/2024 19:11
TOYOTA;COROLLA CROSS;17/05/2024 16:39
VOLKSWAGEN;TIGUAN ALLSPACE SUV;22/05/2024 08:59
TOYOTA;COROLLA CROSS;17/05/2024 23:49
BYD;SEAL SEDAN;16/05/2024 20:33
VOLVO;C40 COUPE;14/05/2024 20:22
HONDA;NEW CR-V;19/06/2024 14:35
VOLVO;XC40 BEV SUV;27/05/2024 16:03
FIAT;TORO PICK-UP;05/06/2024 15:04
GWM;HAVAL H6 SUV;15/05/2024 19:12
VOLVO;XC90 SUV;17/05/2024 23:50
VOLVO;XC90 SUV;20/05/2024 10:28
AUDI;Q3 SPORTBACK;27/05/2024 23:14
VOLKSWAGEN;TIGUAN ALLSPACE SUV;04/06/2024 09:00
VOLKSWAGEN;T-CROSS SUV;18/05/2024 12:07
VOLVO;C40 COUPE;21/05/2024 06:19
JEEP;RENEGADE SUV;16/05/2024 21:51
VOLKSWAGEN;TIGUAN ALLSPACE SUV;24/05/2024 13:13
CHERY;TIGGO 8 PRO PHEV SUV;29/05/2024 09:34
VOLVO;XC40 BEV SUV;17/05/2024 15:54
JEEP;COMMANDER SUV;15/05/2024 19:12
FIAT;TORO PICK-UP;16/05/2024 16:52
VOLVO;XC90 SUV;18/05/2024 13:53
MERCEDES-BENZ;GLA SUV;28/05/2024 14:13
VOLVO;XC90 SUV (MÃO-DIREITA);22/05/2024 20:28
VOLVO;XC90 SUV (MÃO-DIREITA);20/05/2024 22:05
VOLVO;XC60 SUV;15/05/2024 21:36
BYD;SONG PLUS SUV;17/05/2024 17:06
BMW;X4 SUV;15/05/2024 20:31
VOLKSWAGEN;VIRTUS SEDAN;16/05/2024 16:18
LAND ROVER;NEW DISCOVERY SUV;21/05/2024 16:25
AUDI;Q5 SPORTBACK;16/05/2024 22:50
BMW;X3 SUV;17/05/2024 18:26
VOLVO;XC40 BEV SUV;20/05/2024 23:51
VOLKSWAGEN;TIGUAN ALLSPACE SUV;23/05/2024 14:27
BMW;X6 SUV;22/05/2024 01:01
BMW;SERIE 3 SEDAN;16/05/2024 22:50
TOYOTA;RAV4 SUV;20/05/2024 22:50
VOLKSWAGEN;TIGUAN ALLSPACE SUV;21/05/2024 20:43
VOLKSWAGEN;TIGUAN ALLSPACE SUV;21/05/2024 21:34
BYD;SONG PLUS SUV;14/05/2024 18:56
PORSCHE;CAYENNE SUV;17/05/2024 11:03
VOLVO;XC60 SUV;15/05/2024 17:45
BMW;X4 SUV;28/05/2024 19:03
BYD;SONG PLUS SUV;14/05/2024 20:22
BMW;X3 SUV;22/05/2024 17:27
BMW;SERIE 3 SEDAN;10/05/2024 09:30
LAND ROVER;DEFENDER 110 SUV;05/06/2024 09:54
HONDA;NEW HR-V SUV;14/05/2024 19:46
VOLVO;XC60 SUV;17/05/2024 21:58
TOYOTA;RAV4 SUV;17/05/2024 19:06
BMW;X1 SUV;29/05/2024 20:14
BMW;SERIE 3 SEDAN;11/05/2024 09:57
BYD;SONG PLUS SUV;18/05/2024 12:07
TOYOTA;COROLLA SEDAN;14/05/2024 14:35
FIAT;TORO PICK-UP;08/05/2024 11:02
CHEVROLET;EQUINOX SUV;22/05/2024 20:27
VOLKSWAGEN;TIGUAN ALLSPACE SUV;15/05/2024 11:43
VOLKSWAGEN;TAOS SUV;14/05/2024 16:27
VOLKSWAGEN;T-CROSS SUV;06/05/2024 12:37
BMW;X3 SUV;07/05/2024 09:17
HONDA;NEW HR-V SUV;14/05/2024 12:30
MERCEDES-BENZ;CLA COUPE;29/05/2024 17:48
MERCEDES-BENZ;GLC SUV;20/05/2024 21:01
JEEP;COMMANDER SUV;14/05/2024 11:38
VOLKSWAGEN;TAOS SUV;23/05/2024 18:06
VOLVO;XC60 SUV;16/05/2024 11:58
VOLVO;XC40 BEV SUV;14/05/2024 11:17
VOLVO;XC90 SUV;16/05/2024 18:46
VOLKSWAGEN;VIRTUS SEDAN;14/05/2024 10:40
BMW;X1 SUV;06/05/2024 17:41
JEEP;COMPASS SUV;07/05/2024 17:31
VOLVO;XC60 SUV;13/05/2024 16:41
VOLVO;XC90 SUV;16/05/2024 20:47
LAND ROVER;DEFENDER 110 SUV;27/05/2024 16:17
BMW;SERIE 5 SEDAN;25/05/2024 06:20
MINI;COOPER 04 PORTAS HATCH;11/05/2024 07:58
VOLVO;XC40 BEV SUV;09/05/2024 16:53
CHEVROLET;TRACKER SUV;17/05/2024 22:01
BMW;X6 SUV;08/05/2024 10:39
VOLKSWAGEN;T-CROSS SUV;30/04/2024 21:29
GWM;HAVAL H6 GT;30/04/2024 19:04
VOLKSWAGEN;TIGUAN ALLSPACE SUV;14/05/2024 10:49
BMW;SERIE 3 SEDAN;07/05/2024 16:31
VOLKSWAGEN;TIGUAN ALLSPACE SUV;10/05/2024 11:13
MITSUBISHI;PAJERO SPORT HPE;21/05/2024 08:38
BYD;SONG PLUS SUV;07/05/2024 15:52
TOYOTA;COROLLA CROSS;20/05/2024 22:09
LAND ROVER;DEFENDER 110 SUV;29/05/2024 11:32
JEEP;COMMANDER SUV;30/04/2024 21:11
JEEP;RENEGADE SUV;29/04/2024 22:51
GWM;HAVAL H6 GT;06/05/2024 17:40
VOLVO;XC90 SUV;10/05/2024 16:37
BMW;X3 SUV;02/05/2024 16:01
BMW;SERIE 3 SEDAN;06/05/2024 17:39
VOLVO;XC60 SUV;14/05/2024 11:17
MITSUBISHI;PAJERO SPORT HPE;06/05/2024 11:28
CHEVROLET;EQUINOX SUV;06/05/2024 17:49
BYD;SONG PLUS SUV;09/05/2024 18:10
GWM;HAVAL H6 GT;30/04/2024 21:20
BMW;SERIE 3 SEDAN;03/05/2024 09:30
LEXUS;UX 250H SUV;10/05/2024 13:20
MERCEDES-BENZ;GLE COUPE;29/05/2024 15:41
JEEP;COMPASS SUV;16/05/2024 22:51
BYD;SONG PLUS SUV;09/05/2024 12:06
LEXUS;NX 350 H SUV;04/06/2024 12:03
VOLVO;XC40 BEV SUV;08/05/2024 09:51
BMW;X1 SUV;08/05/2024 15:06
VOLVO;XC60 SUV;15/05/2024 10:49
MERCEDES-BENZ;GLA SUV;25/05/2024 15:16
LAND ROVER;DEFENDER 110 SUV;14/05/2024 22:15
VOLKSWAGEN;TAOS SUV;30/04/2024 20:39
BMW;IX3 SUV;14/05/2024 22:43
VOLKSWAGEN;TIGUAN ALLSPACE SUV;30/04/2024 20:38
BMW;X5 SUV;13/05/2024 11:14
BYD;SONG PLUS SUV;03/05/2024 11:08
RAM;RAMPAGE PICK-UP;30/04/2024 19:03
LAND ROVER;DEFENDER 110 SUV;22/05/2024 00:58
MERCEDES-BENZ;GLA SUV;21/05/2024 18:39
LAND ROVER;RANGE ROVER SPORT SUV;11/06/2024 15:00
LAND ROVER;DEFENDER 110 SUV;26/05/2024 16:37
GWM;HAVAL H6 GT;11/05/2024 07:24
AUDI;Q3 SUV;22/05/2024 08:56
JEEP;COMMANDER SUV;19/06/2024 10:59
TOYOTA;COROLLA SEDAN;08/05/2024 13:41
MERCEDES-BENZ;GLC COUPE;18/06/2024 19:20
JEEP;COMMANDER SUV;09/05/2024 11:47
VOLKSWAGEN;T-CROSS SUV;30/04/2024 20:38
VOLVO;XC90 SUV;18/05/2024 13:21
VOLKSWAGEN;NIVUS SUV;06/05/2024 16:42
VOLVO;XC90 SUV;16/05/2024 20:06
TOYOTA;COROLLA CROSS;09/05/2024 09:23
BMW;X1 SUV;07/05/2024 11:00
VOLKSWAGEN;TAOS SUV;30/04/2024 20:57
VOLVO;XC90 SUV;17/05/2024 14:25
VOLVO;C40 COUPE;28/05/2024 14:57
VOLVO;XC60 SUV;14/05/2024 11:15
MERCEDES-BENZ;GLC SUV;25/05/2024 15:48
MERCEDES-BENZ;GLC SUV;21/05/2024 16:25
LAND ROVER;NEW RANGE ROVER SPORT SUV;26/05/2024 18:13
BYD;SONG PLUS SUV;06/05/2024 12:08
VOLKSWAGEN;TAOS SUV;07/05/2024 17:19
VOLVO;XC60 SUV;08/05/2024 15:03
HONDA;ACCORD SEDAN;04/06/2024 20:01
JEEP;COMPASS SUV;30/04/2024 20:56
BMW;X7 SUV;14/05/2024 07:23
TOYOTA;SW4 SUV;15/05/2024 17:28
GWM;HAVAL H6 GT;03/05/2024 11:08
BYD;SONG PLUS SUV;08/05/2024 16:25
VOLVO;XC60 SUV;08/05/2024 15:54
CHEVROLET;ONIX PLUS SEDAN;02/05/2024 16:02
VOLKSWAGEN;NIVUS SUV;29/04/2024 19:03
VOLVO;C40 COUPE;30/04/2024 21:02
BMW;X1 SUV;29/04/2024 23:18
CITROEN;C4 CACTUS;06/06/2024 14:54
MERCEDES-BENZ;GLA SUV;28/05/2024 17:09
BMW;X3 SUV;15/05/2024 21:31
VOLVO;XC60 SUV;09/05/2024 15:57
TOYOTA;COROLLA CROSS;06/05/2024 16:57
VOLVO;C40 COUPE;30/05/2024 14:07
BMW;X3 SUV;30/04/2024 18:39
BYD;SONG PLUS SUV;30/04/2024 19:04
HONDA;Z-RV SUV;08/05/2024 11:12
VOLVO;XC90 SUV;30/04/2024 20:38
MERCEDES-BENZ;GLB SUV;27/05/2024 22:35
BMW;X4 SUV;03/05/2024 16:55
LAND ROVER;DEFENDER 110 SUV;09/05/2024 12:40
BYD;SEAL SEDAN;09/05/2024 11:15
TOYOTA;COROLLA CROSS;28/04/2024 19:09
BMW;X1 SUV;03/05/2024 12:06
TOYOTA;COROLLA CROSS;29/04/2024 22:51
TOYOTA;COROLLA SEDAN;03/05/2024 14:32
VOLKSWAGEN;T-CROSS SUV;30/04/2024 20:38
VOLVO;XC90 SUV;15/05/2024 14:17
VOLKSWAGEN;TAOS SUV;30/04/2024 18:40
JEEP;COMPASS SUV;03/05/2024 08:46
VOLKSWAGEN;T-CROSS SUV;30/04/2024 21:31
LAND ROVER;NEW DISCOVERY SUV;13/05/2024 18:55
VOLVO;XC90 SUV;13/05/2024 15:51
BYD;DOLPHIN PLUS HATCH;09/05/2024 16:29
TOYOTA;SW4 SUV;06/05/2024 17:56
VOLVO;XC60 SUV;13/05/2024 19:31
VOLVO;C40 COUPE;14/05/2024 18:20
TOYOTA;SW4 SUV;06/05/2024 16:07
GWM;HAVAL H6 GT;27/04/2024 19:57
HONDA;NEW HR-V SUV;11/05/2024 08:53
BYD;SONG PLUS SUV;30/04/2024 17:04
VOLVO;XC90 SUV;10/05/2024 17:51
GWM;HAVAL H6 GT;28/04/2024 12:09
MINI;COOPER 04 PORTAS HATCH;10/05/2024 09:36
BYD;SONG PLUS SUV;18/05/2024 12:47
BMW;I5 SEDAN;21/06/2024 07:18
JEEP;COMPASS SUV;28/04/2024 17:18
MERCEDES-BENZ;GLA SUV;14/05/2024 17:03
JEEP;COMPASS SUV;28/04/2024 18:25
MERCEDES-BENZ;GLB SUV;28/05/2024 20:58
JEEP;COMPASS SUV;30/04/2024 17:09
VOLVO;XC60 SUV;18/05/2024 00:04
JEEP;COMMANDER SUV;27/04/2024 18:42
VOLVO;XC60 SUV;29/04/2024 23:17
VOLKSWAGEN;TAOS SUV;29/04/2024 20:18
BMW;SERIE 3 SEDAN;27/04/2024 20:24
VOLKSWAGEN;TAOS SUV;10/05/2024 18:15
TOYOTA;SW4 SUV;29/04/2024 23:16
TOYOTA;SW4 SUV;30/04/2024 17:03
RAM;RAMPAGE PICK-UP;30/04/2024 20:37
LEXUS;NX 350 H SUV;29/04/2024 19:02
VOLVO;XC60 SUV;03/05/2024 12:05
LAND ROVER;NEW DISCOVERY SUV;07/05/2024 13:30
VOLVO;XC90 SUV (MÃO-DIREITA);27/04/2024 19:36
VOLVO;XC90 SUV (MÃO-DIREITA);29/04/2024 20:49
MERCEDES-BENZ;GLA SUV;20/05/2024 21:43
VOLKSWAGEN;TIGUAN ALLSPACE SUV;30/04/2024 21:02
CHEVROLET;EQUINOX SUV;17/05/2024 13:07
JEEP;COMPASS SUV;28/04/2024 16:51
VOLVO;XC90 SUV;09/05/2024 10:27
BMW;X1 SUV;29/04/2024 15:23
VOLKSWAGEN;T-CROSS SUV;28/04/2024 19:42
VOLVO;XC60 SUV;29/04/2024 22:33
MINI;COUNTRYMAN HATCH;29/04/2024 20:17
TOYOTA;COROLLA CROSS;28/04/2024 10:37
LEXUS;NX 350 H SUV;10/05/2024 11:13
JEEP;COMMANDER SUV;28/04/2024 17:25
HONDA;NEW HR-V SUV;27/04/2024 20:43
BYD;SONG PLUS SUV;03/05/2024 07:40
BYD;SONG PLUS SUV;29/04/2024 22:12
BYD;SONG PLUS SUV;28/04/2024 12:35
JEEP;COMPASS SUV;28/04/2024 19:15
BMW;X4 SUV;27/04/2024 21:06
JEEP;COMPASS SUV;28/04/2024 14:41
LAND ROVER;NEW DISCOVERY SUV;29/04/2024 23:16
PORSCHE;CAYENNE SUV;03/05/2024 07:40
BYD;SONG PLUS SUV;30/04/2024 20:37
VOLVO;XC90 SUV;27/04/2024 19:03
VOLVO;XC90 SUV;27/04/2024 18:44
JEEP;COMPASS SUV;29/04/2024 21:45
JEEP;COMPASS SUV;30/04/2024 19:03
JEEP;COMPASS SUV;28/04/2024 19:38
HYUNDAI;NEW CRETA SUV;17/05/2024 20:07
GWM;HAVAL H6 SUV;28/04/2024 12:49
JEEP;COMPASS SUV;29/04/2024 19:02
BMW;SERIE 3 SEDAN;28/04/2024 18:59
BMW;X1 SUV;29/04/2024 14:06
LAND ROVER;DISCOVERY SPORT SUV;09/05/2024 16:08
BMW;X1 SUV;28/04/2024 10:39
JEEP;COMPASS SUV;28/04/2024 19:20
BYD;SONG PLUS SUV;27/04/2024 19:31
BMW;X4 SUV;29/04/2024 20:16
JEEP;RENEGADE SUV;28/04/2024 14:00
VOLVO;XC90 SUV;24/05/2024 18:07
BYD;SONG PLUS SUV;28/04/2024 20:09
TOYOTA;SW4 SUV;29/04/2024 21:27
VOLVO;XC90 SUV;28/04/2024 14:16
HONDA;NEW HR-V SUV;29/04/2024 21:45
JEEP;RENEGADE SUV;27/04/2024 18:45
VOLVO;XC60 SUV;03/05/2024 16:52
VOLVO;XC60 SUV;28/04/2024 15:35
VOLVO;XC60 SUV;27/04/2024 19:49
VOLVO;XC40 BEV SUV;27/04/2024 20:26
BMW;X1 SUV;27/04/2024 20:06
VOLVO;XC90 SUV;28/04/2024 18:27
VOLVO;XC60 SUV;30/04/2024 19:02
BMW;X7 SUV;06/05/2024 17:55
LEXUS;RX 500H SUV;26/05/2024 11:58
VOLKSWAGEN;TIGUAN ALLSPACE SUV;30/04/2024 16:50
MINI;COOPER 04 PORTAS HATCH;27/04/2024 19:12
BYD;SONG PLUS SUV;29/04/2024 18:06
VOLVO;XC60 SUV;29/04/2024 18:37
HYUNDAI;NEW CRETA SUV;29/04/2024 19:20
VOLVO;XC90 SUV;26/04/2024 22:01
GWM;HAVAL H6 SUV;27/04/2024 17:35
BMW;X1 SUV;22/04/2024 17:40
MERCEDES-BENZ;CLASSE C 200 SEDAN;23/05/2024 17:16
BMW;X1 SUV;28/04/2024 18:07
GWM;HAVAL H6 GT;26/04/2024 18:14
LEXUS;UX 250H SUV;29/04/2024 23:29
LAND ROVER;DISCOVERY SPORT SUV;27/04/2024 11:59
LAND ROVER;DISCOVERY SPORT SUV;27/04/2024 01:11
BYD;SONG PLUS SUV;27/04/2024 16:08
TOYOTA;COROLLA SEDAN;28/04/2024 17:25
TOYOTA;COROLLA CROSS;26/04/2024 08:48
TOYOTA;COROLLA CROSS;25/04/2024 13:29
TOYOTA;COROLLA CROSS;19/04/2024 17:45
FORD;RANGER PICK-UP;27/04/2024 00:45
BMW;X1 SUV;26/04/2024 23:49
HONDA;NEW HR-V SUV;13/05/2024 12:33
VOLVO;XC90 SUV;27/04/2024 18:58
BMW;X1 SUV;27/04/2024 00:20
VOLVO;XC90 SUV;27/04/2024 18:16
VOLVO;XC60 SUV;26/04/2024 23:54
BYD;DOLPHIN MINI HATCH;22/05/2024 00:59
VOLVO;XC60 SUV;28/04/2024 16:29
MERCEDES-BENZ;GLE SUV;19/06/2024 09:41
VOLVO;XC60 SUV;26/04/2024 16:14
VOLVO;XC90 SUV;27/04/2024 16:18
VOLKSWAGEN;TAOS SUV;28/04/2024 16:52
LAND ROVER;DISCOVERY SPORT SUV;26/04/2024 23:01
BMW;X1 SUV;26/04/2024 14:01
LEXUS;NX 350 H SUV;26/04/2024 21:39
HONDA;NEW CR-V;29/05/2024 18:23
VOLVO;XC40 BEV SUV;27/04/2024 18:09
SUBARU;NEW FORESTER S SUV;14/05/2024 21:44
VOLVO;XC60 SUV;26/04/2024 23:30
BMW;SERIE 3 SEDAN;26/04/2024 19:19
VOLVO;XC40 BEV SUV;19/04/2024 21:23
VOLVO;XC40 BEV SUV;26/04/2024 22:59
GWM;HAVAL H6 GT;24/04/2024 14:53
VOLVO;XC40 BEV SUV;27/04/2024 14:57
CHEVROLET;TRAILBLAZER SUV;08/05/2024 15:06
HONDA;NEW HR-V SUV;28/04/2024 11:21
CHEVROLET;EQUINOX SUV;03/05/2024 18:09
VOLVO;XC60 SUV;27/04/2024 18:38
VOLVO;XC60 SUV;26/04/2024 10:24
MERCEDES-BENZ;GLA SUV;07/05/2024 10:00
MERCEDES-BENZ;CLA COUPE;28/04/2024 11:10
VOLVO;XC60 SUV;25/04/2024 18:15
VOLVO;XC60 SUV;26/04/2024 22:40
VOLVO;XC60 SUV;22/04/2024 17:30
BMW;SERIE 3 SEDAN;23/04/2024 20:27
LAND ROVER;DISCOVERY SPORT SUV;25/04/2024 13:54
AUDI;Q5 SPORTBACK;29/04/2024 11:07
TOYOTA;COROLLA SEDAN;28/04/2024 16:10
GWM;HAVAL H6 SUV;26/04/2024 10:44
GWM;HAVAL H6 SUV;22/04/2024 11:24
VOLKSWAGEN;TAOS SUV;25/04/2024 12:08
VOLVO;XC60 SUV;20/04/2024 13:41
RAM;1500 CLASSIC PICK-UP;08/05/2024 14:55
AUDI;Q3 SPORTBACK;27/04/2024 14:35
LAND ROVER;RANGE ROVER EVOQUE SUV;27/04/2024 17:27
BMW;IX1 SUV;22/04/2024 15:51
VOLKSWAGEN;NIVUS SUV;19/04/2024 22:25
VOLKSWAGEN;NIVUS SUV;20/04/2024 15:00
LAND ROVER;NEW RANGE ROVER SUV;03/05/2024 07:59
HONDA;NEW HR-V SUV;20/04/2024 16:02
GWM;HAVAL H6 SUV;28/04/2024 14:10
BMW;X4 SUV;24/04/2024 17:44
VOLVO;C40 COUPE;25/04/2024 16:59
VOLVO;XC60 SUV;23/04/2024 15:26
BYD;SONG PLUS SUV;24/04/2024 13:38
LAND ROVER;DISCOVERY SPORT SUV;24/04/2024 15:18
VOLVO;XC90 SUV;26/04/2024 17:56
BMW;X1 SUV;06/04/2024 09:26
LAND ROVER;DISCOVERY SPORT SUV;27/04/2024 17:52
VOLKSWAGEN;TAOS SUV;07/04/2024 17:29
VOLKSWAGEN;TIGUAN ALLSPACE SUV;28/04/2024 15:26
VOLKSWAGEN;TIGUAN ALLSPACE SUV;20/04/2024 16:50
BYD;SONG PLUS SUV;30/04/2024 18:25
BYD;SONG PLUS SUV;20/04/2024 15:32
VOLKSWAGEN;TAOS SUV;07/04/2024 19:48
VOLKSWAGEN;TIGUAN ALLSPACE SUV;28/04/2024 16:22
VOLKSWAGEN;TAOS SUV;07/04/2024 17:02
TOYOTA;COROLLA SEDAN;19/04/2024 18:54
TOYOTA;COROLLA SEDAN;07/04/2024 18:53
LAND ROVER;DEFENDER 110 SUV;29/04/2024 18:00
VOLVO;XC90 SUV;26/04/2024 10:58
BMW;SERIE 3 SEDAN;07/04/2024 17:44
VOLKSWAGEN;TAOS SUV;23/04/2024 09:01
LAND ROVER;DISCOVERY SPORT SUV;19/04/2024 21:45
JEEP;RENEGADE SUV;06/04/2024 09:25
VOLVO;XC60 SUV;27/04/2024 16:06
MINI;COUNTRYMAN HATCH;17/04/2024 13:45
JEEP;COMPASS SUV;07/04/2024 19:42
VOLVO;XC60 SUV;24/04/2024 17:59
VOLKSWAGEN;TIGUAN ALLSPACE SUV;26/04/2024 20:22
JEEP;RENEGADE SUV;07/04/2024 10:48
BYD;SONG PLUS SUV;30/04/2024 19:19
VOLKSWAGEN;TIGUAN ALLSPACE SUV;23/04/2024 12:11
TOYOTA;COROLLA SEDAN;24/04/2024 18:07
VOLKSWAGEN;TIGUAN ALLSPACE SUV;25/04/2024 13:41
BMW;X5 SUV;07/04/2024 19:43
GWM;HAVAL H6 SUV;05/04/2024 11:55
VOLKSWAGEN;AMAROK PICK-UP;24/04/2024 17:43
TOYOTA;RAV4 SUV;20/04/2024 16:30
VOLVO;XC90 SUV;23/04/2024 16:38
VOLVO;XC90 SUV;23/04/2024 10:50
HONDA;NEW HR-V SUV;05/04/2024 07:32
BMW;IX1 SUV;06/04/2024 11:26
VOLKSWAGEN;POLO HATCH;19/04/2024 19:30
GWM;HAVAL H6 GT;04/04/2024 14:51
BMW;X3 SUV;26/04/2024 20:16
BYD;SEAL SEDAN;03/05/2024 08:52
LEXUS;UX 250H SUV;07/04/2024 19:42
VOLVO;XC60 SUV;05/04/2024 18:25
VOLVO;XC60 SUV;04/04/2024 14:54
VOLVO;XC60 SUV;07/04/2024 19:42
TOYOTA;COROLLA CROSS;04/04/2024 11:12
JEEP;RENEGADE SUV;05/04/2024 09:30
GWM;ORA 03 SKIN HATCH;28/04/2024 18:06
VOLKSWAGEN;TIGUAN ALLSPACE SUV;18/04/2024 19:38
HONDA;NEW HR-V SUV;03/04/2024 16:07
LAND ROVER;DEFENDER 110 SUV;07/04/2024 18:43
LAND ROVER;DEFENDER 110 SUV;19/04/2024 21:09
TOYOTA;RAV4 SUV;05/04/2024 11:55
BYD;DOLPHIN PLUS HATCH;28/04/2024 18:53
LAND ROVER;DEFENDER 90 SUV;17/05/2024 05:57
BMW;SERIE 3 SEDAN;03/04/2024 00:10
LAND ROVER;DEFENDER 110 SUV;25/04/2024 14:11
VOLKSWAGEN;T-CROSS SUV;17/04/2024 16:01
TOYOTA;COROLLA SEDAN;23/04/2024 15:11
GWM;HAVAL H6 GT;05/04/2024 08:19
TOYOTA;COROLLA CROSS;28/03/2024 16:14
GWM;HAVAL H6 GT;05/04/2024 07:31
LAND ROVER;NEW RANGE ROVER SPORT SUV;29/04/2024 17:40
LAND ROVER;NEW RANGE ROVER SUV;17/05/2024 18:17
MINI;COOPER 04 PORTAS HATCH;18/04/2024 21:14
VOLKSWAGEN;JETTA SEDAN;03/04/2024 11:23
VOLKSWAGEN;VIRTUS SEDAN;18/04/2024 20:08
LAND ROVER;DISCOVERY SPORT SUV;27/04/2024 15:25
VOLVO;XC60 SUV;06/04/2024 10:00
KIA;SPORTAGE SUV;22/04/2024 09:03
LAND ROVER;NEW DISCOVERY SUV;28/04/2024 15:50
AUDI;A4 SEDAN;23/04/2024 11:23
LAND ROVER;RANGE ROVER EVOQUE SUV;07/04/2024 15:50
VOLVO;XC90 SUV;07/04/2024 19:42
HONDA;Z-RV SUV;27/04/2024 18:43
BYD;SONG PLUS SUV;29/04/2024 14:07
TOYOTA;COROLLA SEDAN;20/04/2024 15:21
VOLKSWAGEN;TAOS SUV;02/04/2024 20:20
LAND ROVER;NEW RANGE ROVER SPORT SUV;16/05/2024 19:35
LAND ROVER;DEFENDER 110 SUV;25/04/2024 13:41
TOYOTA;SW4 SUV;18/04/2024 21:19
PORSCHE;MACAN;19/04/2024 21:20
BYD;SONG PLUS SUV;05/04/2024 15:14
VOLVO;XC60 SUV;04/04/2024 11:09
TOYOTA;COROLLA SEDAN;19/04/2024 18:54
TOYOTA;COROLLA SEDAN;03/04/2024 08:09
TOYOTA;COROLLA SEDAN;06/04/2024 11:27
TOYOTA;COROLLA SEDAN;05/04/2024 07:35
TOYOTA;COROLLA SEDAN;07/04/2024 10:38
TOYOTA;COROLLA SEDAN;18/04/2024 13:38
TOYOTA;COROLLA SEDAN;06/04/2024 09:21
TOYOTA;COROLLA SEDAN;02/04/2024 19:26
TOYOTA;COROLLA SEDAN;18/04/2024 18:24
TOYOTA;COROLLA SEDAN;06/04/2024 09:21
LAND ROVER;DEFENDER 110 SUV;24/04/2024 19:29
BYD;SEAL SEDAN;18/04/2024 15:42
BMW;X1 SUV;28/03/2024 20:04
GWM;HAVAL H6 SUV;29/03/2024 01:43
MINI;COOPER 04 PORTAS HATCH;29/03/2024 01:44
VOLKSWAGEN;TAOS SUV;29/03/2024 01:43
VOLVO;C40 COUPE;05/04/2024 18:26
GWM;HAVAL H6 GT;27/03/2024 06:31
GWM;HAVAL H6 GT;28/03/2024 19:06
VOLVO;XC60 SUV;03/04/2024 11:02
JEEP;COMMANDER SUV;29/03/2024 01:10
VOLKSWAGEN;TAOS SUV;26/03/2024 11:52
VOLKSWAGEN;NIVUS SUV;04/04/2024 09:00
MERCEDES-BENZ;CLA COUPE;29/04/2024 17:25
VOLVO;XC60 SUV;03/04/2024 10:37
VOLVO;XC40 BEV SUV;28/03/2024 18:37
VOLVO;XC60 SUV;03/04/2024 08:57
GWM;HAVAL H6 GT;27/03/2024 06:23
HONDA;CITY HATCH;06/04/2024 16:33
GWM;HAVAL H6 GT;28/03/2024 08:44
GWM;HAVAL H6 GT;29/03/2024 01:43
VOLVO;XC60 SUV;03/04/2024 13:30
VOLVO;XC90 SUV;07/04/2024 19:42
VOLVO;XC90 SUV;23/04/2024 17:30
VOLVO;XC90 SUV;24/04/2024 19:23
VOLVO;XC90 SUV;24/04/2024 18:17
VOLVO;XC90 SUV;29/04/2024 22:38
VOLVO;XC90 SUV;18/05/2024 20:05
VOLVO;XC90 SUV;21/05/2024 19:51
VOLKSWAGEN;TAOS SUV;03/04/2024 08:46
VOLVO;XC90 SUV (MÃO-DIREITA);15/05/2024 22:10
VOLVO;XC90 SUV (MÃO-DIREITA);21/05/2024 17:36
VOLVO;XC60 SUV;05/04/2024 07:30
VOLKSWAGEN;NIVUS SUV;29/03/2024 01:43
GWM;HAVAL H6 SUV;28/03/2024 10:31
VOLVO;XC60 SUV;28/03/2024 18:04
LEXUS;RX 500H SUV;18/04/2024 17:35
VOLKSWAGEN;TIGUAN ALLSPACE SUV;22/04/2024 15:52
VOLKSWAGEN;TIGUAN ALLSPACE SUV;26/04/2024 18:41
VOLVO;XC40 BEV SUV;27/04/2024 16:52
VOLVO;XC40 BEV SUV;27/03/2024 06:30
VOLVO;XC90 SUV;18/04/2024 10:33
VOLVO;XC90 SUV;04/04/2024 08:55
VOLKSWAGEN;T-CROSS SUV;28/03/2024 21:50
JEEP;RENEGADE SUV;29/03/2024 00:19
AUDI;Q3 SPORTBACK;06/04/2024 09:25
LEXUS;ES 300H SEDAN;02/04/2024 17:05
VOLKSWAGEN;TAOS SUV;26/03/2024 05:31
TOYOTA;COROLLA CROSS;03/04/2024 08:55
VOLKSWAGEN;TAOS SUV;23/03/2024 07:02
CHEVROLET;SPIN SUV;13/05/2024 19:46
VOLVO;XC90 SUV;07/04/2024 18:59
BMW;X1 SUV;22/03/2024 18:26
VOLVO;XC90 SUV;06/04/2024 09:33
AUDI;Q5 SPORTBACK;04/04/2024 21:17
RAM;RAMPAGE PICK-UP;28/03/2024 18:25
GWM;HAVAL H6 SUV;27/03/2024 06:30
VOLVO;XC60 SUV;28/03/2024 07:50
BMW;X1 SUV;24/03/2024 13:22
BMW;SERIE 3 SEDAN;27/03/2024 06:25
BMW;X4 SUV;28/03/2024 08:45
VOLVO;XC90 SUV;04/04/2024 09:47
VOLKSWAGEN;TIGUAN ALLSPACE SUV;28/03/2024 18:30
VOLVO;XC40 BEV SUV;07/04/2024 09:16
VOLKSWAGEN;TIGUAN ALLSPACE SUV;05/04/2024 11:56
RAM;RAMPAGE PICK-UP;27/03/2024 06:25
VOLVO;XC60 SUV;26/03/2024 14:14
VOLKSWAGEN;VIRTUS SEDAN;03/04/2024 14:07
BMW;SERIE 3 SEDAN;23/03/2024 03:42
BMW;SERIE 3 SEDAN;27/03/2024 06:23
VOLVO;XC40 BEV SUV;24/03/2024 13:28
AUDI;Q3 SUV;07/04/2024 19:47
AUDI;Q3 SUV;28/03/2024 13:44
JEEP;RENEGADE SUV;28/03/2024 07:48
JEEP;COMMANDER SUV;28/03/2024 21:03
TOYOTA;COROLLA CROSS;26/03/2024 07:06
VOLVO;XC40 SUV;07/04/2024 10:37
TOYOTA;RAV4 SUV;29/03/2024 01:43
BYD;SONG PLUS SUV;04/04/2024 19:55
BMW;SERIE 3 SEDAN;21/03/2024 23:30
BYD;SONG PLUS SUV;28/03/2024 22:28
BMW;X3 SUV;24/03/2024 05:06
AUDI;Q5 SUV;28/03/2024 10:37
BMW;X7 SUV;15/05/2024 19:11
VOLVO;XC40 BEV SUV;24/03/2024 13:19
RAM;1500 REBEL PICK-UP;07/04/2024 17:10
BYD;SONG PLUS SUV;29/03/2024 01:43
MERCEDES-BENZ;CLA COUPE;17/04/2024 10:10
BMW;X1 SUV;27/03/2024 06:22
JEEP;COMPASS SUV;26/03/2024 11:52
JEEP;COMPASS SUV;22/03/2024 01:51
JEEP;COMPASS SUV;21/03/2024 01:44
JEEP;COMPASS SUV;21/03/2024 02:05
JEEP;COMPASS SUV;21/03/2024 02:10
JEEP;COMPASS SUV;21/03/2024 03:24
BMW;X6 SUV;29/03/2024 01:43
GWM;HAVAL H6 GT;22/03/2024 01:28
TOYOTA;COROLLA CROSS;28/03/2024 07:47
AUDI;Q5 SUV;28/03/2024 07:49
BMW;X1 SUV;22/03/2024 07:52
VOLVO;XC90 SUV;28/03/2024 07:51
BMW;X6 SUV;22/03/2024 08:09
AUDI;Q5 SPORTBACK;22/03/2024 07:52
VOLVO;XC40 BEV SUV;27/03/2024 06:29
JEEP;COMMANDER SUV;25/03/2024 20:41
VOLVO;XC90 SUV;29/03/2024 01:31
CHEVROLET;EQUINOX SUV;18/04/2024 19:17
VOLVO;XC90 SUV;02/04/2024 17:09
VOLKSWAGEN;T-CROSS SUV;26/03/2024 11:52
VOLVO;XC40 BEV SUV;27/03/2024 06:25
BMW;X6 SUV;28/03/2024 23:30
VOLVO;XC60 SUV;28/03/2024 07:50
VOLKSWAGEN;TAOS SUV;21/03/2024 02:08
BYD;SONG PLUS SUV;28/03/2024 18:15
TOYOTA;HILUX CABINE DUPLA PICK-UP;07/04/2024 14:57
VOLVO;XC60 SUV;28/03/2024 20:05
BYD;SONG PLUS SUV;29/03/2024 01:44
BMW;M2 COUPE;09/05/2024 18:05
BMW;X3 SUV;29/03/2024 01:09
RAM;RAMPAGE PICK-UP;27/03/2024 06:24
VOLVO;XC60 SUV;27/03/2024 06:26
CHEVROLET;TRACKER SUV;26/03/2024 05:31
CHEVROLET;TRACKER SUV;18/04/2024 19:36
AUDI;Q3 SUV;28/03/2024 07:47
VOLVO;XC90 SUV;28/03/2024 10:49
BYD;SONG PLUS SUV;28/03/2024 08:58
MERCEDES-BENZ;GLS SUV;07/04/2024 16:36
VOLVO;XC60 SUV;26/03/2024 22:03
VOLVO;XC40 BEV SUV;24/03/2024 02:55
VOLKSWAGEN;TAOS SUV;20/03/2024 03:08
VOLVO;XC60 SUV;04/04/2024 14:51
LEXUS;UX 250H SUV;04/04/2024 08:55
VOLVO;C40 COUPE;24/03/2024 00:38
VOLVO;XC60 SUV;24/03/2024 01:16
VOLVO;XC90 SUV;23/03/2024 07:43
LAND ROVER;DEFENDER 110 SUV;05/04/2024 10:55
LAND ROVER;NEW DISCOVERY SUV;24/04/2024 17:11
LAND ROVER;DISCOVERY SPORT SUV;07/04/2024 11:17
VOLVO;C40 COUPE;21/03/2024 06:53
MINI;COOPER 04 PORTAS HATCH;07/04/2024 19:34
TOYOTA;RAV4 SUV;23/03/2024 18:18
BYD;SONG PLUS SUV;20/03/2024 02:57
BYD;SONG PLUS SUV;27/03/2024 06:29
BYD;SONG PLUS SUV;19/03/2024 09:41
BYD;SONG PLUS SUV;22/03/2024 03:54
BYD;SONG PLUS SUV;27/03/2024 06:22
BYD;SONG PLUS SUV;28/03/2024 07:46
GWM;HAVAL H6 GT;16/03/2024 05:50
BMW;X1 SUV;18/03/2024 18:38
TOYOTA;HILUX CABINE DUPLA PICK-UP;24/03/2024 01:19
TOYOTA;HILUX CABINE DUPLA PICK-UP;27/03/2024 06:25
VOLVO;XC90 SUV;27/03/2024 06:25
VOLVO;XC90 SUV;22/03/2024 07:57
VOLVO;XC90 SUV;24/03/2024 13:19
VOLVO;XC90 SUV;27/04/2024 11:22
VOLVO;XC90 SUV;04/04/2024 10:42
BMW;X1 SUV;18/03/2024 22:19
VOLKSWAGEN;TAOS SUV;16/03/2024 03:00
AUDI;Q5 SUV;03/04/2024 15:40
VOLKSWAGEN;AMAROK PICK-UP;24/03/2024 01:28
VOLKSWAGEN;TAOS SUV;19/03/2024 09:31
VOLKSWAGEN;TAOS SUV;21/03/2024 07:13
VOLKSWAGEN;TIGUAN ALLSPACE SUV;23/03/2024 07:42
VOLKSWAGEN;TIGUAN ALLSPACE SUV;26/03/2024 05:30
BYD;SEAL SEDAN;29/04/2024 23:17
AUDI;Q3 SPORTBACK;21/03/2024 07:13
VOLVO;XC90 SUV;29/03/2024 01:44
CHEVROLET;SUBURBAN SUV;13/05/2024 18:32
BYD;SONG PLUS SUV;28/03/2024 08:44
VOLVO;XC40 SUV;26/03/2024 11:52
VOLVO;XC90 SUV;28/03/2024 10:58
BYD;SONG PLUS SUV;17/03/2024 03:53
VOLVO;XC90 SUV;20/03/2024 19:45
HONDA;NEW HR-V SUV;26/03/2024 15:01
VOLVO;XC60 SUV;23/03/2024 13:18
PORSCHE;MACAN;04/04/2024 23:26
VOLVO;XC90 SUV;24/03/2024 13:18
HONDA;ACCORD SEDAN;29/03/2024 01:44
VOLVO;XC90 SUV;22/03/2024 07:58
VOLKSWAGEN;TAOS SUV;21/03/2024 07:13
VOLKSWAGEN;TAOS SUV;18/03/2024 22:46
VOLKSWAGEN;TAOS SUV;18/03/2024 22:11
CHEVROLET;EQUINOX SUV;23/03/2024 07:38
BMW;SERIE 3 SEDAN;15/03/2024 16:00
VOLKSWAGEN;TAOS SUV;27/03/2024 06:25
VOLKSWAGEN;VIRTUS SEDAN;27/03/2024 06:25
VOLKSWAGEN;T-CROSS SUV;14/03/2024 23:31
VOLKSWAGEN;T-CROSS SUV;20/03/2024 00:42
AUDI;Q3 SPORTBACK;15/03/2024 00:44
VOLVO;XC60 SUV;18/03/2024 22:13
BMW;X3 SUV;24/03/2024 02:54
BMW;X3 SUV;20/03/2024 01:41
VOLKSWAGEN;TIGUAN ALLSPACE SUV;24/03/2024 01:16
VOLKSWAGEN;TIGUAN ALLSPACE SUV;24/03/2024 02:35
VOLVO;XC60 SUV;23/03/2024 03:15
VOLKSWAGEN;POLO HATCH;29/03/2024 01:34
VOLVO;XC60 SUV;22/03/2024 18:31
BMW;X4 SUV;18/04/2024 17:06
VOLVO;XC40 BEV SUV;21/03/2024 23:57
BYD;SONG PLUS SUV;15/03/2024 03:02
TOYOTA;SW4 SUV;21/03/2024 05:32
VOLKSWAGEN;TIGUAN ALLSPACE SUV;17/03/2024 04:04
FORD;NOVA RANGER PICK-UP;06/05/2024 10:16
JEEP;COMPASS SUV;14/03/2024 01:09
JEEP;COMMANDER SUV;12/03/2024 15:14
GWM;HAVAL H6 GT;14/03/2024 01:09
VOLVO;XC60 SUV;20/03/2024 07:56
VOLVO;XC60 SUV;20/03/2024 00:42
TOYOTA;COROLLA SEDAN;16/03/2024 04:39
BMW;X3 SUV;20/03/2024 18:28
GWM;HAVAL H6 GT;13/03/2024 09:25
GWM;HAVAL H6 SUV;29/03/2024 01:44
LAND ROVER;NEW RANGE ROVER SUV;25/04/2024 09:46
VOLKSWAGEN;JETTA SEDAN;14/03/2024 14:41
VOLVO;XC90 SUV;23/03/2024 19:54
LAND ROVER;DEFENDER 110 SUV;26/03/2024 15:49
RAM;RAMPAGE PICK-UP;21/03/2024 01:02
BMW;SERIE 3 SEDAN;17/03/2024 11:52
VOLKSWAGEN;T-CROSS SUV;19/03/2024 11:10
JEEP;COMPASS SUV;15/03/2024 10:48
VOLVO;XC90 SUV;21/03/2024 07:15
VOLVO;XC90 SUV;21/03/2024 07:14
VOLVO;XC90 SUV;21/03/2024 06:59
VOLVO;XC90 SUV;18/03/2024 16:41
VOLVO;XC90 SUV;28/03/2024 07:45
GWM;HAVAL H6 SUV;14/03/2024 04:12
AUDI;Q5 SUV;14/03/2024 14:00
VOLVO;XC90 SUV;28/04/2024 14:57
GWM;HAVAL H6 SUV;14/03/2024 23:18
VOLVO;XC60 SUV;19/03/2024 23:08
RAM;2500;26/04/2024 22:32
GWM;HAVAL H6 SUV;13/03/2024 09:25
TOYOTA;COROLLA CROSS;15/03/2024 01:10
TOYOTA;HILUX CABINE DUPLA PICK-UP;24/03/2024 05:05
BMW;X1 SUV;19/03/2024 23:09
BYD;SEAL SEDAN;26/03/2024 05:31
VOLVO;XC90 SUV;18/03/2024 16:59
VOLVO;XC90 SUV;21/03/2024 07:07
VOLVO;XC90 SUV;18/03/2024 17:31
LAND ROVER;NEW RANGE ROVER SPORT SUV;03/04/2024 18:46
VOLVO;XC90 SUV;16/03/2024 22:47
VOLVO;XC90 SUV;15/03/2024 23:00
GWM;HAVAL H6 SUV;12/03/2024 16:56
VOLVO;XC90 SUV;04/04/2024 07:49
VOLKSWAGEN;TAOS SUV;13/03/2024 00:16
BYD;YUAN PLUS SUV;29/04/2024 23:28
VOLKSWAGEN;TAOS SUV;12/03/2024 11:51
TOYOTA;COROLLA SEDAN;16/03/2024 05:51
LAND ROVER;DISCOVERY SPORT SUV;12/04/2024 17:06
VOLVO;XC90 SUV;17/03/2024 03:17
JAGUAR;E-PACE SUV;17/04/2024 09:32
BMW;X3 SUV;12/03/2024 15:12
VOLVO;XC90 SUV;16/03/2024 10:14
BMW;X1 SUV;08/03/2024 15:20
VOLVO;XC90 SUV;18/03/2024 13:55
VOLVO;XC90 SUV;15/03/2024 22:59
VOLVO;XC90 SUV;15/03/2024 23:19
VOLVO;XC90 SUV;26/03/2024 14:15
VOLVO;XC90 SUV;18/03/2024 17:30
VOLVO;XC90 SUV;18/03/2024 17:30
GWM;HAVAL H6 GT;09/03/2024 16:50
BMW;X6 SUV;21/03/2024 06:59
GWM;HAVAL H6 SUV;13/03/2024 17:35
VOLVO;XC60 SUV;18/03/2024 15:38
LEXUS;NX 350 H SUV;20/03/2024 03:52
AUDI;Q3 SUV;21/03/2024 06:50
BMW;X1 SUV;09/03/2024 10:48
VOLVO;C40 COUPE;29/03/2024 01:43
VOLVO;XC90 SUV;21/03/2024 05:48
CHEVROLET;EQUINOX SUV;18/04/2024 19:08
CHEVROLET;EQUINOX SUV;23/03/2024 03:15
CHEVROLET;EQUINOX SUV;21/03/2024 07:16
BMW;X3 SUV;16/03/2024 21:50
HONDA;NEW HR-V SUV;24/03/2024 02:03
LAND ROVER;RANGE ROVER VELAR SUV;18/03/2024 16:50
LAND ROVER;RANGE ROVER VELAR SUV;27/03/2024 06:28
PORSCHE;CAYMANN;14/05/2024 10:26
BMW;X1 SUV;14/03/2024 04:10
JEEP;COMPASS SUV;09/03/2024 11:05
VOLVO;XC40 SUV;24/03/2024 01:23
VOLKSWAGEN;NIVUS SUV;15/03/2024 05:45
AUDI;Q3 SPORTBACK;09/03/2024 13:42
AUDI;Q3 SPORTBACK;14/03/2024 13:59
LAND ROVER;NEW RANGE ROVER SUV;28/03/2024 15:14
TOYOTA;SW4 SUV;19/03/2024 18:07
HONDA;NEW HR-V SUV;16/03/2024 01:11
LAND ROVER;DEFENDER 110 SUV;14/03/2024 13:54
HYUNDAI;NEW CRETA SUV;28/03/2024 11:30
VOLKSWAGEN;T-CROSS SUV;09/03/2024 16:50
VOLKSWAGEN;TAOS SUV;18/03/2024 23:26
VOLKSWAGEN;TAOS SUV;15/03/2024 02:10
VOLKSWAGEN;TAOS SUV;26/03/2024 00:49
MINI;COUNTRYMAN HATCH;17/03/2024 03:18
JEEP;RENEGADE SUV;08/03/2024 10:15
MINI;COUNTRYMAN HATCH;26/03/2024 05:30
MINI;COUNTRYMAN HATCH;20/03/2024 23:36
BMW;SERIE 3 SEDAN;12/03/2024 08:53
VOLVO;XC60 SUV;16/03/2024 23:32
TOYOTA;COROLLA SEDAN;14/03/2024 13:59
TOYOTA;COROLLA SEDAN;13/03/2024 11:14
CHEVROLET;TRAILBLAZER SUV;17/04/2024 17:59
JEEP;COMPASS SUV;05/03/2024 15:08
JEEP;COMPASS SUV;06/03/2024 10:35
AUDI;Q8 SPORTBACK;03/05/2024 13:42
VOLVO;XC60 SUV;09/03/2024 10:50
VOLKSWAGEN;TAOS SUV;07/03/2024 08:48
VOLKSWAGEN;TAOS SUV;08/03/2024 00:07
VOLVO;XC40 BEV SUV;09/03/2024 16:44
VOLVO;XC40 BEV SUV;06/03/2024 10:45
VOLVO;XC60 SUV;12/03/2024 09:09
VOLKSWAGEN;TAOS SUV;20/03/2024 04:22
VOLKSWAGEN;TAOS SUV;13/03/2024 15:08
VOLKSWAGEN;TAOS SUV;27/03/2024 06:22
VOLKSWAGEN;TAOS SUV;14/03/2024 05:31
VOLKSWAGEN;TAOS SUV;16/03/2024 03:08
VOLVO;XC90 SUV;13/03/2024 11:14
JEEP;COMPASS SUV;06/03/2024 01:55
TOYOTA;COROLLA CROSS;09/03/2024 16:44
BMW;X5 SUV;12/03/2024 01:02
LAND ROVER;DISCOVERY SPORT SUV;26/03/2024 05:32
LAND ROVER;DISCOVERY SPORT SUV;20/03/2024 05:02
JEEP;COMPASS SUV;09/03/2024 11:35
VOLVO;XC40 BEV SUV;28/03/2024 16:14
TOYOTA;SW4 SUV;26/03/2024 13:27
VOLVO;XC60 SUV;07/03/2024 19:37
VOLVO;XC40 BEV SUV;06/03/2024 01:43
RAM;RAMPAGE PICK-UP;08/03/2024 07:09
VOLVO;XC60 SUV;12/03/2024 11:57
VOLVO;C40 COUPE;20/03/2024 00:44
VOLKSWAGEN;NIVUS SUV;20/03/2024 03:11
VOLVO;XC40 BEV SUV;04/03/2024 20:51
BMW;X3 SUV;13/03/2024 19:44
JEEP;COMMANDER SUV;09/03/2024 10:45
JEEP;COMMANDER SUV;12/03/2024 09:15
AUDI;Q3 SUV;13/03/2024 23:32
LAND ROVER;NEW DISCOVERY SUV;24/04/2024 11:27
VOLVO;XC60 SUV;12/03/2024 09:18
VOLKSWAGEN;TAOS SUV;07/03/2024 08:42
AUDI;Q5 SPORTBACK;21/03/2024 07:11
BMW;SERIE 3 SEDAN;07/03/2024 00:17
BMW;X1 SUV;05/03/2024 09:18
JEEP;RENEGADE SUV;09/03/2024 11:00
VOLVO;XC90 SUV;12/03/2024 14:01
BYD;SONG PLUS SUV;06/03/2024 11:38
VOLVO;XC90 SUV;09/03/2024 16:02
CHEVROLET;EQUINOX SUV;09/03/2024 13:31
LEXUS;NX 350 H SUV;09/03/2024 16:51
VOLKSWAGEN;NIVUS SUV;06/03/2024 10:31
JEEP;COMPASS SUV;04/03/2024 23:50
VOLKSWAGEN;TAOS SUV;07/03/2024 22:21
MINI;COUNTRYMAN HATCH;20/03/2024 07:55
BMW;X6 SUV;06/03/2024 08:34
VOLKSWAGEN;TAOS SUV;04/03/2024 23:44
VOLKSWAGEN;TAOS SUV;08/03/2024 10:17
CHEVROLET;TRAILBLAZER SUV;09/03/2024 13:36
LAND ROVER;NEW RANGE ROVER SUV;01/04/2024 16:32
VOLVO;XC90 SUV;14/03/2024 05:05
HONDA;NEW HR-V SUV;21/03/2024 23:24
VOLVO;XC40 BEV SUV;28/03/2024 18:15
LEXUS;UX 250H SUV;14/03/2024 01:31
BMW;SERIE 3 SEDAN;16/03/2024 21:57
VOLKSWAGEN;T-CROSS SUV;12/03/2024 03:07
VOLVO;XC90 SUV;21/03/2024 23:39
BMW;X1 SUV;06/03/2024 16:22
AUDI;A5 SPORTBACK;25/03/2024 20:54
BMW;X5 SUV;07/03/2024 16:43
VOLVO;XC40 BEV SUV;20/03/2024 23:29
JEEP;COMPASS SUV;04/03/2024 13:34
VOLKSWAGEN;JETTA SEDAN;06/03/2024 16:18
VOLVO;XC60 SUV;06/03/2024 10:56
BMW;SERIE 3 SEDAN;05/03/2024 09:22
HONDA;NEW HR-V SUV;05/03/2024 14:59
JAGUAR;F-PACE SUV;22/03/2024 02:56
JEEP;COMPASS SUV;01/03/2024 09:49
HONDA;NEW CIVIC SEDAN;23/03/2024 07:38
HONDA;NEW HR-V SUV;16/03/2024 05:51
LAND ROVER;RANGE ROVER EVOQUE SUV;23/03/2024 18:46
VOLVO;XC40 BEV SUV;05/03/2024 15:20
VOLVO;XC90 SUV;14/03/2024 02:53
VOLVO;XC60 SUV;04/03/2024 23:36
TOYOTA;SW4 SUV;18/03/2024 23:31
AUDI;Q3 SPORTBACK;13/03/2024 17:35
VOLKSWAGEN;JETTA SEDAN;04/03/2024 14:30
AUDI;Q5 SUV;06/03/2024 01:15
AUDI;Q5 SUV;05/03/2024 15:06
TOYOTA;HILUX CABINE DUPLA PICK-UP;15/03/2024 04:25
VOLVO;XC90 SUV;12/03/2024 09:27
TOYOTA;SW4 SUV;19/03/2024 18:07
VOLVO;XC90 SUV;12/03/2024 14:07
VOLKSWAGEN;T-CROSS SUV;07/03/2024 09:20
GWM;HAVAL H6 SUV;02/03/2024 00:16
MERCEDES-BENZ;GLC SUV;20/03/2024 03:34
AUDI;Q5 SPORTBACK;15/03/2024 03:27
VOLVO;XC60 SUV;08/03/2024 10:53
MINI;COOPER 02 PORTAS HATCH;09/03/2024 11:00
VOLVO;XC40 BEV SUV;06/03/2024 10:21
VOLKSWAGEN;TAOS SUV;04/03/2024 23:49
LAND ROVER;NEW RANGE ROVER SUV;18/03/2024 14:25
LAND ROVER;DISCOVERY SPORT SUV;14/03/2024 14:00
FIAT;FASTBACK SUV;18/03/2024 18:58
BMW;X3 SUV;08/03/2024 16:03
LEXUS;UX 250H SUV;07/03/2024 16:15
VOLVO;XC40 BEV SUV;02/03/2024 00:14
BYD;SONG PLUS SUV;05/03/2024 11:06
BMW;SERIE 3 SEDAN;01/03/2024 09:51
GWM;HAVAL H6 SUV;06/03/2024 10:18
BMW;X1 SUV;02/03/2024 08:21
VOLKSWAGEN;TAOS SUV;29/02/2024 06:09
HONDA;Z-RV SUV;03/04/2024 11:42
VOLVO;XC40 BEV SUV;29/02/2024 10:09
VOLKSWAGEN;T-CROSS SUV;07/03/2024 06:11
PORSCHE;MACAN;12/03/2024 21:05
VOLKSWAGEN;T-CROSS SUV;29/02/2024 06:10
VOLKSWAGEN;TAOS SUV;28/02/2024 19:34
MINI;COUNTRYMAN HATCH;12/03/2024 20:37
MINI;COUNTRYMAN HATCH;13/03/2024 13:28
VOLKSWAGEN;JETTA SEDAN;28/02/2024 19:32
VOLKSWAGEN;T-CROSS SUV;02/03/2024 00:29
BYD;YUAN PLUS SUV;27/03/2024 06:30
HONDA;NEW HR-V SUV;27/02/2024 09:12
VOLKSWAGEN;JETTA SEDAN;27/02/2024 09:11
TOYOTA;COROLLA SEDAN;26/02/2024 21:59
JEEP;COMPASS SUV;26/02/2024 22:54
VOLVO;XC40 BEV SUV;26/02/2024 20:31
VOLVO;XC40 BEV SUV;15/03/2024 03:27
BMW;X6 SUV;22/02/2024 07:18
BYD;SONG PLUS SUV;28/02/2024 15:44
BYD;SONG PLUS SUV;06/03/2024 11:46
BYD;SONG PLUS SUV;06/03/2024 10:49
LEXUS;UX 250H SUV;02/03/2024 00:11
KIA;SPORTAGE SUV;07/03/2024 09:22
VOLKSWAGEN;T-CROSS SUV;27/02/2024 08:39
VOLKSWAGEN;TIGUAN ALLSPACE SUV;27/02/2024 07:46
VOLKSWAGEN;T-CROSS SUV;20/02/2024 23:01
LAND ROVER;NEW DISCOVERY SUV;07/04/2024 15:23
LAND ROVER;RANGE ROVER VELAR SUV;07/04/2024 19:42
LAND ROVER;NEW RANGE ROVER SPORT SUV;15/03/2024 09:46
VOLKSWAGEN;TAOS SUV;28/02/2024 19:34
MINI;COUNTRYMAN HATCH;29/02/2024 09:31
VOLKSWAGEN;TIGUAN ALLSPACE SUV;07/03/2024 09:32
VOLKSWAGEN;JETTA SEDAN;22/02/2024 07:32
RAM;RAMPAGE PICK-UP;21/02/2024 06:23
VOLVO;XC90 SUV;11/03/2024 09:33
BMW;SERIE 3 SEDAN;24/02/2024 11:45
BMW;X1 SUV;21/02/2024 01:16
TOYOTA;COROLLA CROSS;20/02/2024 23:50
VOLKSWAGEN;JETTA SEDAN;22/02/2024 00:59
VOLKSWAGEN;JETTA SEDAN;29/02/2024 06:12
JEEP;RENEGADE SUV;21/02/2024 06:23
BMW;X5 SUV;28/02/2024 15:45
MINI;COUNTRYMAN HATCH;29/02/2024 09:18
BMW;X1;24/02/2024 00:48
VOLVO;XC40 BEV SUV;16/03/2024 22:13
BYD;SONG PLUS SUV;05/03/2024 11:07
CHEVROLET;SILVERADO PICKUP;07/04/2024 16:45
TOYOTA;COROLLA CROSS;21/02/2024 22:27
LEXUS;NX 350 H SUV;08/03/2024 01:22
VOLKSWAGEN;TAOS SUV;22/02/2024 01:10
VOLKSWAGEN;TAOS SUV;20/02/2024 23:00
VOLVO;XC60 SUV;27/02/2024 09:10
VOLVO;XC40 BEV SUV;28/02/2024 16:15
VOLVO;C40 COUPE;22/02/2024 07:28
BMW;X5 SUV;24/02/2024 09:20
LEXUS;ES 300H SEDAN;05/03/2024 00:09
JEEP;COMMANDER SUV;27/02/2024 01:38
VOLKSWAGEN;TAOS SUV;22/02/2024 07:28
TOYOTA;COROLLA CROSS;29/02/2024 09:30
TOYOTA;COROLLA CROSS;20/02/2024 13:13
TOYOTA;COROLLA CROSS;17/02/2024 14:24
TOYOTA;COROLLA CROSS;26/02/2024 10:26
TOYOTA;COROLLA CROSS;24/02/2024 00:36
TOYOTA;COROLLA CROSS;21/02/2024 23:55
TOYOTA;COROLLA CROSS;24/02/2024 00:40
VOLVO;XC40 BEV SUV;04/03/2024 20:51
VOLVO;XC40 BEV SUV;02/03/2024 00:24
VOLVO;XC40 BEV SUV;27/02/2024 07:46
VOLVO;XC40 BEV SUV;07/03/2024 08:44
VOLVO;XC40 BEV SUV;27/02/2024 07:45
VOLVO;XC40 BEV SUV;27/02/2024 23:31
FIAT;FASTBACK SUV;03/03/2024 10:34
BYD;SONG PLUS SUV;23/02/2024 01:14
VOLVO;XC40 BEV SUV;29/02/2024 10:34
BMW;SERIE 3 SEDAN;14/02/2024 23:39
VOLKSWAGEN;AMAROK PICK-UP;03/03/2024 10:35
BMW;X1 SUV;17/02/2024 11:42
VOLVO;XC60 SUV;01/03/2024 09:53
TOYOTA;RAV4 SUV;21/02/2024 06:26
VOLVO;XC60 SUV;27/02/2024 09:07
TOYOTA;COROLLA CROSS;20/02/2024 08:06
BYD;SONG PLUS SUV;28/02/2024 16:03
VOLKSWAGEN;NIVUS SUV;23/02/2024 08:52
VOLKSWAGEN;T-CROSS SUV;22/02/2024 19:59
VOLVO;XC60 SUV;27/02/2024 08:35
GWM;HAVAL H6 GT;23/02/2024 01:12
GWM;HAVAL H6 SUV;23/02/2024 23:53
LAND ROVER;RANGE ROVER EVOQUE SUV;22/03/2024 01:55
VOLVO;XC60 SUV;27/02/2024 09:00
VOLVO;XC60 SUV;23/02/2024 06:27
BYD;SONG PLUS SUV;20/02/2024 18:58
VOLVO;XC60 SUV;24/02/2024 11:50
TOYOTA;COROLLA SEDAN;17/02/2024 13:05
LAND ROVER;NEW RANGE ROVER SUV;13/03/2024 00:16
VOLVO;XC40 BEV SUV;27/02/2024 01:29
JEEP;GRAND CHEROKEE SUV;07/04/2024 17:16
VOLVO;XC60 SUV;24/02/2024 11:40
JEEP;COMPASS SUV;20/02/2024 08:06
TOYOTA;COROLLA SEDAN;17/02/2024 13:05
BMW;SERIE 3 SEDAN;19/02/2024 21:32
TOYOTA;HILUX CABINE DUPLA PICK-UP;07/03/2024 06:17
JEEP;COMMANDER SUV;23/02/2024 01:08
BMW;X7 SUV;07/04/2024 18:27
LEXUS;RX 500H SUV;17/03/2024 00:49
BYD;SONG PLUS SUV;29/02/2024 09:27
AUDI;Q5 SUV;26/02/2024 21:50
VOLVO;XC60 SUV;24/02/2024 00:21
HONDA;NEW HR-V SUV;14/02/2024 00:15
JEEP;COMPASS SUV;19/02/2024 21:33
JEEP;COMPASS SUV;22/02/2024 07:14
BMW;X3 SUV;05/03/2024 02:27
BMW;SERIE 5 SEDAN;02/03/2024 08:17
HYUNDAI;NEW CRETA SUV;12/02/2024 23:17
AUDI;Q5 SUV;21/02/2024 06:14
VOLKSWAGEN;TAOS SUV;17/02/2024 14:22
VOLVO;XC90 SUV;27/02/2024 09:08
BMW;X5 SUV;22/02/2024 07:14
AUDI;Q5 SUV;19/02/2024 21:32
MINI;COUNTRYMAN HATCH;23/02/2024 01:08
GWM;HAVAL H6 SUV;01/03/2024 20:24
TOYOTA;COROLLA CROSS;17/02/2024 00:47
CHEVROLET;EQUINOX SUV;28/02/2024 08:33
CHEVROLET;EQUINOX SUV;23/02/2024 06:40
CHERY;TIGGO 5X PRO SUV;22/03/2024 18:30
CHEVROLET;TRACKER SUV;19/02/2024 21:32
LEXUS;ES 300H SEDAN;29/02/2024 21:27
BMW;SERIE 3 SEDAN;13/02/2024 23:35
VOLVO;XC60 SUV;20/02/2024 08:04
VOLVO;XC90 SUV;04/03/2024 20:51
GWM;HAVAL H6 GT;13/02/2024 20:44
JEEP;RENEGADE SUV;16/02/2024 07:57
VOLKSWAGEN;TAOS SUV;14/02/2024 23:39
VOLVO;XC60 SUV;27/02/2024 07:46
JEEP;COMPASS SUV;20/02/2024 08:04
BMW;X3 SUV;23/02/2024 21:21
GWM;HAVAL H6 SUV;17/02/2024 14:22
TOYOTA;COROLLA CROSS;09/02/2024 20:55
VOLVO;XC60 SUV;28/02/2024 08:33
LEXUS;RX 500H SUV;29/02/2024 21:26
FORD;TERRITORY;21/03/2024 07:03
HONDA;ACCORD SEDAN;21/03/2024 07:10
LAND ROVER;NEW DISCOVERY SUV;03/04/2024 08:56
AUDI;Q7 SUV;29/02/2024 09:45
JEEP;COMPASS SUV;13/02/2024 23:45
JEEP;COMPASS SUV;13/02/2024 20:38
JEEP;COMPASS SUV;12/02/2024 21:02
JEEP;COMPASS SUV;12/02/2024 23:45
AUDI;A5 SPORTBACK;29/02/2024 10:27
JEEP;COMMANDER SUV;15/02/2024 21:57
JEEP;COMMANDER SUV;14/02/2024 01:36
FIAT;FASTBACK SUV;23/02/2024 21:12
JEEP;COMPASS SUV;12/02/2024 20:52
BMW;IX40;08/03/2024 01:16
BMW;SERIE 3 SEDAN;13/02/2024 00:49
LAND ROVER;DEFENDER 110 SUV;29/02/2024 21:27
GWM;HAVAL H6 GT;15/02/2024 21:28
NISSAN;FRONTIER;29/02/2024 21:26
VOLVO;XC90 SUV;29/02/2024 21:25
JEEP;COMMANDER SUV;24/02/2024 11:38
VOLVO;XC90 SUV;23/02/2024 06:14
VOLKSWAGEN;TAOS SUV;10/02/2024 00:42
VOLVO;XC60 SUV;20/02/2024 08:05
VOLKSWAGEN;TIGUAN ALLSPACE SUV;23/02/2024 06:24
AUDI;Q5 SPORTBACK;29/02/2024 21:25
PORSCHE;MACAN;15/03/2024 23:09
VOLVO;XC90 SUV;06/03/2024 13:41
VOLVO;XC60 SUV;29/02/2024 21:26
KIA;SPORTAGE SUV;20/02/2024 07:53
VOLKSWAGEN;AMAROK PICK-UP;14/02/2024 00:05
VOLVO;XC60 SUV;14/06/2024 20:14
VOLVO;XC60 SUV;29/02/2024 09:51
VOLVO;XC60 SUV;18/04/2024 18:35
CHEVROLET;TRACKER SUV;29/02/2024 10:32
CHEVROLET;EQUINOX SUV;22/02/2024 00:58
CHEVROLET;EQUINOX SUV;29/02/2024 21:25
VOLKSWAGEN;TAOS SUV;12/02/2024 18:11
TOYOTA;COROLLA CROSS;12/02/2024 20:40
VOLVO;XC40 BEV SUV;17/02/2024 14:22
BMW;X1 SUV;26/02/2024 22:51
VOLVO;XC90 SUV;29/02/2024 21:25
VOLVO;XC60 SUV;22/02/2024 07:28
VOLVO;XC60 SUV;24/02/2024 00:53
TOYOTA;COROLLA CROSS;15/02/2024 19:39
VOLKSWAGEN;NIVUS SUV;12/02/2024 19:03
JEEP;RENEGADE SUV;09/02/2024 02:01
JEEP;COMPASS SUV;12/02/2024 23:45
LAND ROVER;RANGE ROVER VELAR SUV;16/03/2024 21:45
JEEP;COMPASS SUV;12/02/2024 23:21
HONDA;NEW CIVIC SEDAN;20/02/2024 07:47
VOLVO;C40 COUPE;08/02/2024 16:17
VOLVO;XC90 SUV;27/02/2024 07:47
VOLVO;XC90 SUV;24/02/2024 11:36
VOLVO;XC60 SUV;20/02/2024 08:04
BYD;SONG PLUS SUV;10/02/2024 07:39
CHEVROLET;TRACKER SUV;23/02/2024 06:21
CHEVROLET;EQUINOX SUV;20/02/2024 08:06
JEEP;COMPASS SUV;21/02/2024 06:14
VOLVO;XC40 BEV SUV;16/02/2024 07:46
BYD;SONG PLUS SUV;13/02/2024 00:09
LAND ROVER;RANGE ROVER SPORT SUV;03/04/2024 18:44
AUDI;Q8 E-TRON SUV;07/03/2024 17:04
JEEP;COMPASS SUV;14/02/2024 23:39
JEEP;COMPASS SUV;09/02/2024 01:51
JEEP;COMPASS SUV;08/02/2024 21:28
JEEP;COMPASS SUV;21/02/2024 06:22
JEEP;COMPASS SUV;22/02/2024 07:28
JEEP;COMPASS SUV;09/02/2024 00:32
VOLVO;C40 COUPE;20/02/2024 17:33
VOLVO;XC60 SUV;17/02/2024 11:42
VOLVO;XC40 BEV SUV;06/02/2024 22:36
GWM;HAVAL H6 GT;10/02/2024 00:47
VOLVO;XC40 BEV SUV;08/02/2024 20:04
VOLVO;C40 COUPE;13/02/2024 00:59
VOLVO;XC90 SUV;29/02/2024 21:24
VOLVO;XC60 SUV;20/02/2024 08:03
VOLVO;XC90 SUV;29/02/2024 21:25
VOLVO;XC90 SUV;27/02/2024 09:06
VOLVO;XC40 BEV SUV;09/02/2024 03:32
VOLVO;XC60 SUV;21/02/2024 06:22
CHERY;TIGGO 8 PRO PHEV SUV;29/02/2024 21:24
GWM;HAVAL H6 SUV;13/02/2024 20:00
TOYOTA;COROLLA CROSS;06/02/2024 18:45
VOLKSWAGEN;TAOS SUV;07/02/2024 21:12
LEXUS;UX 250H SUV;14/02/2024 23:39
VOLVO;XC90 SUV;20/02/2024 08:01
VOLVO;XC60 SUV;20/02/2024 08:02
BMW;X6 SUV;13/02/2024 20:03
VOLVO;XC90 SUV;21/02/2024 06:22
VOLVO;XC90 SUV;28/02/2024 08:33
BYD;SONG PLUS SUV;05/02/2024 16:45
;;05/02/2024 21:09
;;03/02/2024 00:08
;;05/02/2024 19:04
VOLVO;XC60 SUV;19/02/2024 21:53
;;06/02/2024 18:22
BYD;DOLPHIN HATCH;27/03/2024 06:23
LAND ROVER;RANGE ROVER VOGUE SUV;21/03/2024 21:31
LAND ROVER;NEW DISCOVERY SUV;26/03/2024 11:52
LAND ROVER;NEW DISCOVERY SUV;26/03/2024 11:51
JEEP;COMMANDER SUV;09/02/2024 02:49
JEEP;COMPASS SUV;07/02/2024 22:56
JEEP;COMPASS SUV;02/02/2024 18:32
CHEVROLET;EQUINOX SUV;23/02/2024 06:08
CHEVROLET;TRAILBLAZER SUV;17/02/2024 15:04
VOLKSWAGEN;TAOS SUV;20/02/2024 07:55
VOLKSWAGEN;NIVUS SUV;16/02/2024 01:22
VOLKSWAGEN;NIVUS SUV;14/02/2024 23:38
;;03/02/2024 00:08
;;02/02/2024 18:33
VOLVO;XC60 SUV;13/02/2024 18:20
VOLVO;XC40 BEV SUV;06/02/2024 19:05
VOLVO;XC90 SUV;16/02/2024 07:57
;;31/01/2024 21:33
VOLVO;XC90 SUV;17/02/2024 13:05
MINI;COUNTRYMAN HATCH;09/02/2024 01:39
VOLVO;XC60 SUV;17/02/2024 00:56
TOYOTA;HILUX CABINE DUPLA PICK-UP;22/02/2024 07:25
VOLVO;XC60 SUV;14/02/2024 23:38
VOLVO;XC60 SUV;17/02/2024 14:21
VOLVO;XC60 SUV;20/02/2024 07:59
;;09/02/2024 03:06
;;05/02/2024 16:44
AUDI;Q5 SUV;16/02/2024 07:44
BMW;X1 SUV;06/02/2024 22:44
;;31/01/2024 06:52
;;05/02/2024 21:05
VOLKSWAGEN;NIVUS SUV;14/02/2024 23:38
VOLVO;C40 COUPE;06/02/2024 22:16
;;07/02/2024 23:38
;;31/01/2024 01:01
VOLVO;XC60 SUV;14/02/2024 23:38
VOLVO;XC90 SUV;13/02/2024 20:53
;;03/02/2024 00:07
;;07/02/2024 21:31
VOLVO;XC60 SUV;14/02/2024 00:08
VOLVO;XC60 SUV;13/02/2024 23:56
;;31/01/2024 21:33
;;07/02/2024 23:05
VOLVO;XC90 SUV;17/02/2024 14:21
;;05/02/2024 20:54
;;02/02/2024 19:59
VOLVO;XC90 SUV;15/02/2024 23:03
;;05/02/2024 19:43
AUDI;Q5 SUV;23/02/2024 16:57
BYD;HAN SEDAN;09/03/2024 13:59
BYD;SEAL SEDAN;18/03/2024 19:19
BMW;X4 SUV;09/02/2024 03:18
VOLVO;XC90 SUV;14/02/2024 23:38
KIA;NIRO SUV;14/03/2024 03:22
BYD;SEAL SEDAN;13/03/2024 22:49
AUDI;A4 SEDAN;22/02/2024 07:23
;;02/02/2024 19:59
VOLVO;XC90 SUV;21/02/2024 06:13
VOLVO;XC90 SUV;13/02/2024 21:19
;;09/02/2024 00:29
VOLVO;XC90 SUV;23/02/2024 01:08
VOLVO;C40 COUPE;06/02/2024 16:18
;;29/01/2024 22:24
VOLVO;C40 COUPE;16/02/2024 07:57
LAND ROVER;DEFENDER 110 SUV;28/02/2024 08:33
;;29/01/2024 22:21
VOLVO;XC60 SUV;10/02/2024 07:38
;;29/01/2024 22:31
;;26/01/2024 19:23
;;31/01/2024 01:52
VOLVO;XC60 SUV;14/02/2024 23:37
;;13/02/2024 04:16
GWM;HAVAL H6 GT;31/01/2024 00:08
;;29/01/2024 19:40
;;02/02/2024 18:32
LAND ROVER;NEW DISCOVERY SUV;22/03/2024 13:49
BYD;HAN SEDAN;23/02/2024 00:34
BMW;X7 SUV;05/03/2024 15:14
CHERY;TIGGO 7 PRO SUV;16/03/2024 21:51
MERCEDES-BENZ;GLE SUV;23/02/2024 06:23
;;02/02/2024 19:59
TOYOTA;SW4 SUV;13/02/2024 23:47
;;29/01/2024 22:37
;;02/02/2024 18:32
;;26/01/2024 23:54
;;31/01/2024 01:41
;;26/01/2024 16:54
;;29/01/2024 19:54
;;09/02/2024 21:57
;;06/02/2024 21:24
TOYOTA;SW4 SUV;10/02/2024 07:51
VOLVO;XC90 SUV;10/02/2024 07:38
VOLVO;XC60 SUV;10/02/2024 07:38
;;31/01/2024 19:05
;;06/02/2024 23:58
;;29/01/2024 21:28
VOLVO;XC90 SUV;14/02/2024 00:02
VOLVO;XC90 SUV;21/02/2024 06:12
;;26/01/2024 22:51
;;25/01/2024 20:22
;;06/02/2024 21:28
;;30/01/2024 21:53
;;30/01/2024 19:57
;;31/01/2024 18:10
;;30/01/2024 21:42
VOLVO;XC60 SUV;14/02/2024 00:21
CHEVROLET;TRAILBLAZER SUV;13/02/2024 04:03
;;06/02/2024 18:17
CHEVROLET;EQUINOX SUV;16/02/2024 01:21
;;31/01/2024 02:00
;;31/01/2024 21:33
;;02/02/2024 18:31
;;06/02/2024 18:46
FORD;BRONCO SUV;13/02/2024 04:15
BMW;X5 SUV;12/02/2024 23:26
MERCEDES-BENZ;GLE SUV;17/02/2024 15:15
;;31/01/2024 02:18
;;31/01/2024 21:33
VOLVO;XC60 SUV;08/02/2024 23:28
VOLVO;XC90 SUV;16/02/2024 07:57
;;30/01/2024 21:49
;;03/02/2024 00:04
;;08/02/2024 23:57
;;25/01/2024 20:06
VOLKSWAGEN;TAOS SUV;30/01/2024 02:18
;;26/01/2024 00:37
AUDI;Q3 SPORTBACK;12/02/2024 23:33
;;09/02/2024 23:48
BMW;X1 SUV;25/01/2024 20:20
;;30/01/2024 00:06
;;31/01/2024 21:33
TOYOTA;COROLLA SEDAN;09/02/2024 23:43
;;29/01/2024 18:56
;;23/01/2024 22:39
;;24/01/2024 18:05
HONDA;NEW CIVIC SEDAN;14/02/2024 01:38
CHEVROLET;TRAILBLAZER SUV;09/02/2024 03:32
;;12/02/2024 21:28
;;31/01/2024 00:48
;;03/02/2024 00:04
;;31/01/2024 00:38
;;30/01/2024 23:08
;;27/01/2024 01:52
VOLKSWAGEN;VIRTUS SEDAN;16/02/2024 07:56
;;29/01/2024 23:13
;;25/01/2024 14:20
;;10/02/2024 07:39
CHEVROLET;EQUINOX SUV;03/02/2024 00:10
;;30/01/2024 00:37
;;09/02/2024 02:55
;;30/01/2024 23:29
;;06/02/2024 23:58
HYUNDAI;NEW CRETA SUV;31/01/2024 00:33
;;08/02/2024 19:49
;;22/01/2024 19:09
;;22/01/2024 08:08
;;25/01/2024 00:03
;;24/01/2024 10:16
;;25/01/2024 14:48
;;05/02/2024 18:40
;;29/01/2024 22:04
;;29/01/2024 19:44
;;27/01/2024 00:29
;;31/01/2024 21:32
;;05/02/2024 18:14
JAGUAR;F-PACE SUV;14/02/2024 23:39
MITSUBISHI;ECLIPSE CROSS SUV;21/02/2024 06:23
;;05/02/2024 19:09
VOLKSWAGEN;TAOS SUV;10/02/2024 01:47
;;03/02/2024 00:09
;;02/02/2024 19:59
;;26/01/2024 22:37
;;25/01/2024 20:11
LAND ROVER;NEW RANGE ROVER SUV;14/02/2024 23:39
;;26/01/2024 22:21
;;22/01/2024 19:57
VOLVO;XC40 SUV;14/02/2024 00:14
;;27/01/2024 02:01
;;24/01/2024 23:42
;;19/01/2024 18:00
;;26/01/2024 21:44
;;18/01/2024 23:43
;;25/01/2024 09:49
;;25/01/2024 01:03
;;25/01/2024 22:39
;;25/01/2024 23:52
LAND ROVER;DISCOVERY SPORT SUV;04/03/2024 13:34
;;26/01/2024 22:20
;;23/01/2024 21:22
;;26/01/2024 23:39
;;24/01/2024 23:41
;;24/01/2024 18:55
;;23/01/2024 23:44
;;18/01/2024 20:47
;;23/01/2024 19:37
;;23/01/2024 20:02
AUDI;A4 SEDAN;14/02/2024 06:57
AUDI;A4 SEDAN;17/02/2024 11:42
CHEVROLET;TRAILBLAZER SUV;10/02/2024 07:38
CHEVROLET;TRAILBLAZER SUV;10/02/2024 01:53
CHEVROLET;TRAILBLAZER SUV;07/02/2024 22:46
JEEP;RENEGADE SUV;29/01/2024 18:54
;;29/01/2024 21:04
AUDI;A4 SEDAN;09/02/2024 20:51
;;06/02/2024 22:02
;;22/01/2024 21:43
BMW;I4 SEDAN;22/03/2024 14:00
GWM;ORA 03 GT HATCH;23/02/2024 22:02
BYD;SEAL SEDAN;14/03/2024 13:59
BYD;DOLPHIN GS HATCH;23/02/2024 15:53
BYD;SEAL SEDAN;14/03/2024 14:41
LAND ROVER;RANGE ROVER EVOQUE SUV;09/03/2024 16:40
LAND ROVER;NEW DISCOVERY SUV;20/03/2024 03:51
;;26/01/2024 21:36
;;23/01/2024 23:05
;;18/01/2024 23:20
;;20/01/2024 14:57
;;25/01/2024 07:56
;;23/01/2024 15:23
;;24/01/2024 01:15
;;24/01/2024 18:04
;;24/01/2024 21:40
;;20/01/2024 00:41
;;25/01/2024 01:43
;;19/01/2024 18:57
;;27/01/2024 01:48
VOLKSWAGEN;TAOS SUV;06/02/2024 16:59
HONDA;ACCORD SEDAN;12/03/2024 20:36
LAND ROVER;DEFENDER 130 SUV;12/03/2024 20:30
BYD;DOLPHIN HATCH;14/03/2024 13:59
NISSAN;KICKS SUV;30/01/2024 17:16
KIA;SPORTAGE SUV;10/02/2024 07:38
BYD;SONG PLUS SUV;25/01/2024 19:00
AUDI;A4 SEDAN;31/01/2024 20:11
;;03/02/2024 00:04
;;22/01/2024 21:51
;;23/01/2024 17:36
;;06/02/2024 23:20
;;24/01/2024 01:18
;;26/01/2024 22:41
HYUNDAI;CRETA SUV;20/02/2024 07:41
;;26/01/2024 00:11
;;31/01/2024 01:44
CHEVROLET;TRAILBLAZER SUV;09/02/2024 01:03
CHEVROLET;TRAILBLAZER SUV;10/02/2024 03:05
;;05/02/2024 21:42
;;19/01/2024 18:11
;;22/01/2024 21:55
;;02/02/2024 18:31
;;27/01/2024 00:56
;;18/01/2024 23:15
;;31/01/2024 20:45
;;31/01/2024 21:32
;;20/01/2024 03:12
;;24/01/2024 00:56
;;22/01/2024 21:53
;;18/01/2024 00:10
;;25/01/2024 00:56
;;06/02/2024 23:57
;;31/01/2024 02:25
TOYOTA;SW4 SUV;17/01/2024 06:48
;;18/01/2024 10:58
;;23/01/2024 18:40
;;18/01/2024 23:39
;;23/01/2024 20:59
;;26/01/2024 23:58
;;23/01/2024 21:38
;;24/01/2024 18:13
;;26/01/2024 21:41
;;26/01/2024 03:05
;;24/01/2024 00:56
;;25/01/2024 20:01
;;31/01/2024 20:49
;;16/01/2024 07:54
;;18/01/2024 01:51
;;19/01/2024 01:43
;;24/01/2024 18:54
BYD;SEAL SEDAN;06/03/2024 07:43
BYD;SONG PLUS SUV;25/01/2024 00:01
MINI;COOPER 04 PORTAS HATCH;19/02/2024 07:54
;;16/01/2024 23:05
;;22/01/2024 19:14
;;30/01/2024 02:12
;;22/01/2024 19:11
;;20/01/2024 14:33
;;18/01/2024 01:45
;;19/01/2024 22:43
;;16/01/2024 07:55
;;22/01/2024 18:59
;;22/01/2024 00:26
GWM;HAVAL H6 GT;25/01/2024 01:00
LAND ROVER;NEW DISCOVERY SUV;12/03/2024 03:11
JEEP;COMMANDER SUV;18/01/2024 02:20
;;16/01/2024 23:57
;;22/01/2024 16:27
VOLKSWAGEN;TAOS SUV;19/01/2024 21:38
;;19/01/2024 23:42
;;31/01/2024 18:09
;;30/01/2024 00:39
;;11/01/2024 07:10
;;16/01/2024 07:55
;;11/01/2024 22:23
;;26/01/2024 19:24
;;19/01/2024 18:52
;;26/01/2024 02:26
;;27/01/2024 02:41
;;15/01/2024 19:16
;;11/01/2024 07:11
;;30/01/2024 03:00
;;22/01/2024 14:30
;;18/01/2024 00:41
;;17/01/2024 06:49
;;11/01/2024 07:10
;;22/01/2024 20:41
;;20/01/2024 03:13
;;18/01/2024 10:53
;;18/01/2024 22:54
;;11/01/2024 16:16
;;12/01/2024 16:51
;;10/01/2024 17:42
;;26/01/2024 23:44
;;18/01/2024 00:39
;;19/01/2024 23:50
;;17/01/2024 06:48
;;20/01/2024 01:21
;;18/01/2024 23:47
;;10/01/2024 18:07
;;12/01/2024 20:04
;;15/01/2024 19:16
;;14/05/2024 15:41
AUDI;Q8 SPORTBACK;14/02/2024 23:38
;;31/01/2024 21:32
;;11/01/2024 22:22
LAND ROVER;NEW RANGE ROVER SPORT SUV;19/02/2024 08:06
;;16/01/2024 22:10
;;16/01/2024 23:05
;;13/01/2024 00:01
;;13/01/2024 00:00
;;18/01/2024 21:37
;;04/01/2024 11:39
;;11/01/2024 22:21
;;11/01/2024 07:12
;;10/01/2024 11:15
;;17/01/2024 18:57
;;11/01/2024 07:11
;;16/01/2024 07:54
;;11/01/2024 15:45
;;11/01/2024 22:23
;;18/01/2024 07:05
;;17/01/2024 08:02
;;17/01/2024 07:57
;;23/01/2024 14:11
;;23/01/2024 14:11
;;17/01/2024 07:57
;;20/01/2024 00:07
;;18/01/2024 22:41
;;26/01/2024 21:46
;;17/01/2024 07:32
;;19/01/2024 22:41
;;17/01/2024 23:43
JEEP;GRAND CHEROKEE SUV;22/02/2024 07:27
LAND ROVER;DISCOVERY SPORT SUV;17/02/2024 14:20
LAND ROVER;DISCOVERY SPORT SUV;10/02/2024 07:39
FORD;BRONCO SUV;22/01/2024 22:29
;;10/01/2024 11:09
;;11/01/2024 22:23
;;13/01/2024 00:27
;;16/01/2024 07:56
;;11/01/2024 15:45
;;13/01/2024 00:27
;;09/02/2024 03:31
;;09/01/2024 15:41
;;15/01/2024 16:49
;;04/01/2024 11:39
;;15/01/2024 19:47
;;13/01/2024 00:00
;;15/01/2024 18:35
;;16/01/2024 07:54
;;16/01/2024 22:11
;;17/01/2024 08:00
;;12/01/2024 20:04
;;15/01/2024 19:15
;;18/01/2024 20:27
;;12/01/2024 07:52
BYD;DOLPHIN HATCH;08/03/2024 11:00
;;17/01/2024 06:47
;;16/01/2024 07:54
;;10/01/2024 17:32
;;11/01/2024 22:24
BYD;SEAL SEDAN;27/02/2024 09:06
;;16/01/2024 23:05
;;22/01/2024 18:28
;;12/01/2024 21:57
;;10/01/2024 09:01
;;10/01/2024 18:07
;;18/01/2024 02:14
;;11/01/2024 07:11
;;13/01/2024 00:01
;;26/01/2024 14:34
;;13/01/2024 00:01
;;31/01/2024 21:03
;;17/01/2024 06:47
;;11/01/2024 15:45
;;11/01/2024 22:22
;;19/01/2024 22:42
;;16/01/2024 23:04
;;10/01/2024 10:27
;;18/01/2024 02:12
;;24/01/2024 17:28
;;10/01/2024 17:32
;;10/01/2024 15:05
;;11/01/2024 22:21
;;12/01/2024 20:04
;;16/01/2024 07:53
;;16/01/2024 07:53
;;04/01/2024 11:39
;;10/01/2024 10:26
;;10/01/2024 15:05
;;26/01/2024 23:41
;;10/01/2024 08:47
;;04/01/2024 11:39
;;10/01/2024 18:01
;;05/01/2024 15:23
;;04/01/2024 11:39
AUDI;Q3 SPORTBACK;12/01/2024 21:57
MERCEDES-BENZ;GLA SUV;31/01/2024 21:32
;;04/01/2024 11:39
;;20/01/2024 14:26
;;04/01/2024 11:39
;;15/01/2024 10:29
;;11/01/2024 17:29
;;12/01/2024 16:42
LAND ROVER;NEW DISCOVERY SUV;22/02/2024 07:09
;;09/01/2024 15:41
;;22/01/2024 21:06
;;03/02/2024 00:05
;;05/01/2024 16:49
;;24/01/2024 01:21
;;09/01/2024 15:45
;;11/01/2024 17:30
;;10/01/2024 18:01
;;09/01/2024 15:45
;;04/01/2024 11:39
;;04/01/2024 11:39
;;04/01/2024 11:39
;;20/01/2024 14:25
;;04/01/2024 11:39
LAND ROVER;NEW RANGE ROVER SPORT SUV;17/02/2024 15:15
LAND ROVER;NEW DISCOVERY SUV;23/02/2024 06:28
BYD;DOLPHIN GS HATCH;14/02/2024 23:36
;;10/01/2024 08:47
BMW;SERIE 5 SEDAN;30/01/2024 21:59
;;11/01/2024 07:11
;;03/02/2024 00:03
;;12/01/2024 07:51
;;04/01/2024 11:40
;;04/01/2024 11:40
;;04/01/2024 11:40
;;10/01/2024 15:05
;;10/01/2024 00:50
;;13/01/2024 07:53
;;04/01/2024 11:39
;;04/01/2024 11:39
;;04/01/2024 11:39
;;04/01/2024 11:39
;;04/01/2024 11:39
;;04/01/2024 11:39
;;04/01/2024 11:39
;;13/02/2024 04:15
;;04/01/2024 11:40
;;24/01/2024 14:07
;;04/01/2024 11:39
;;16/01/2024 07:54
;;04/01/2024 11:39
;;12/01/2024 20:04
;;10/01/2024 16:33
;;04/01/2024 11:39
;;04/01/2024 11:39
;;04/01/2024 11:39
;;10/01/2024 10:23
;;17/01/2024 06:46
;;16/01/2024 07:55
;;11/01/2024 22:22
;;04/01/2024 11:39
LAND ROVER;RANGE ROVER EVOQUE SUV;07/02/2024 23:26
;;18/01/2024 23:37
;;04/01/2024 11:39
;;04/01/2024 11:40
;;04/01/2024 11:40
;;04/01/2024 11:40
;;18/01/2024 20:25
;;11/01/2024 22:23
;;04/01/2024 11:39
;;30/01/2024 22:58
;;16/01/2024 07:53
;;09/02/2024 03:31
AUDI;Q8 E-TRON SUV;16/02/2024 00:59
;;10/02/2024 07:36
;;13/01/2024 00:01
;;04/01/2024 11:40
;;16/01/2024 22:11
;;04/01/2024 11:40
;;04/01/2024 11:39
LAND ROVER;RANGE ROVER EVOQUE SUV;10/02/2024 07:38
AUDI;Q8 SPB E-TRON SPORTBACK;22/02/2024 07:36
;;23/01/2024 15:28
;;18/01/2024 23:53
;;17/01/2024 07:33
;;30/01/2024 19:58
;;18/01/2024 23:32
BYD;TAN SUV;26/01/2024 16:54
;;23/01/2024 23:56
;;05/02/2024 18:03
;;19/01/2024 18:31
;;08/02/2024 23:54
LAND ROVER;RANGE ROVER VELAR SUV;22/02/2024 07:22
LAND ROVER;RANGE ROVER VELAR SUV;13/02/2024 04:15
;;30/01/2024 00:03
;;29/01/2024 22:51
;;04/01/2024 11:40
;;26/01/2024 16:54
;;31/01/2024 00:16
;;31/01/2024 06:52
;;12/02/2024 16:32
;;12/01/2024 20:04
BYD;YUAN PLUS SUV;06/02/2024 23:17
;;13/01/2024 00:12
;;04/01/2024 11:39
;;04/01/2024 11:40
;;04/01/2024 11:39
;;18/01/2024 08:42
;;18/01/2024 08:41
;;20/01/2024 03:10
